"Autor (Erscheinungsjahr), Titel, Journal/Konferenz"
"Back, Andrea & Seufert, Andreas:
	Executive Information System (EIS).
    	In  
    	Mertens, Peter & Back, Andrea (Hrsg.): 
    	Lexikon der Wirtschaftsinformatik. 
	Berlin :
	Springer,
	2001,
	S. 192-193."
"Back, Andrea & Seufert, Andreas
 	(2000)
	Wissensstrategien für die Zukunft.
	Controller News,
	
	(Nr. 2).
	46-48."
"Silic, Mario; Back, Andrea & Sammer, Thomas
 	(2014)
	Employee Acceptance and Use of Unified Communications and Collaboration in a Cross-Cultural Environment.
	International Journal of e-Collaboration,
	10
	(2).
	1-19.
	ISSN 1548-3673"
"Back, Andrea:
	Knowledge Management: Concepts and Technologies.
	Lotus Gold Seminar.
	Zürich,
	22 April 1998."
"Back, Andrea:
	Implementierung und Nutzung der Prozesskostenrechnung.
    	In  
    	Maennel, W. (Hrsg.): 
    	Prozesskostenrechnung : Bedeutung - Methoden - Branchenerfahrungen - Softwarelösungen. 
	Gabler :
	Wiesbaden,
	1995,
	S. 37-39."
"Walter, Thomas & Back, Andrea:
	Crowdsourcing as a Business Model: An exploration of emergent textbooks harnessing the wisdom of crowds.
	2010.
	- 23rd Bled eConference ""eTrust: Implications for the Individual, Enterprises and Society"".
	- Bled, Slovenia."
"Back, Andrea:
	Web-based Open Innovation - Wie Online-Gemeinschaften Dienstleistungen, Produkte und Wissen mitgestalten.
    	In  
    	Hornung-Praehauser, Veronika & Luckmann, Michaela (Hrsg.): 
    	Kreativität und Innovationskompetenz im digitalen Netz : Sammlung von ausgewählten Fach- und Praxisbeiträgen der 5. EduMedia Fachtagung 2009. Salzburg, 4. - 5. Mai 2009. 
	Salzburg :
	Salzburg Research Forschungsgesellschaft,
	2009,
	S. 89-94."
"Silic, Mario; Barlow, Jordan B. & Back, Andrea
 	(2017)
	A new perspective on neutralization and deterrence: Predicting shadow IT usage.
	Information & management,
	54
	(8).
	1023-1037.
	ISSN 0378-7206"
"Back, Andrea:
	Lerntagebuch als Weblog innovativ umgesetzt.
	HDZ'mittag.
	St. Gallen,
	8 Februar 2007."
"Peter, Lukas; Back, Andrea & Werro, Tina:
	Collaboration Between Corporations and Startups: The Startup-Collaboration-Model.
    	In  
    	 
    	Ecosystem Innovation: How to create successful partnerships between high-growth startups and established organizations. 
	Zürich :
	Kickstart Innovation AG,
	2019,
	S. 80-87."
"Back, Andrea & Bursian, Olaf
 	(2003)
	Managerial aspects of corporate e-Learning: insights from a study of four cases.
	Studies in Communications Sciences, Special Issue ""New Media in Education"",
	
	(March).
	1-22."
"Schmid, Beat:
	Elektronische Märkte.
    	In  
    	Österle, Hubert; Back, Andrea; Winter, Robert & Brenner, Walter (Hrsg.): 
    	Business Engineering - Die ersten 15 Jahre. 
	Berlin :
	Springer,
	2004,
	S. 171-201."
"Back, Andrea; Rieger, B. & Seufert, Andreas:
	Executive Information Systems.
    	In  
    	Mertens, P. et. al. (Hrsg.): 
    	Lexikon der Wirtschaftsinformatik. 
	Springer :
	Berlin et al.,
	1997,
	S. 157-158."
"Back, Andrea:
	Workshop Virtual Academia: Developments in new technology platforms.
	the 10th annual meeting CEMS (Community of European Management Schools).
	Wien,
	27 November 1998."
"Back, Andrea; Bendel, Oliver & Stoller-Schai, Daniel
    	 
    	: 
	E-Learning im Unternehmen: Grundlagen - Strategien - Methoden - Technologien.
	
	Zürich :
	Orell Füssli,
	2001,
	
	- ISBN 3-280-02749-7."
"Back, Andrea
 	(1997)
	Bildung für das Verständnis von Informations- und Kommunikationstechnik (IuK) - IuK für die Ausbildung.
	Schweizerische Zeitschrift für kaufmännisches Bildungswesen,
	Vol. 91
	(5).
	323-343."
"Heidecke, Florian; Back, Andrea & Brenner, Walter
 	(2005)
	Dissertationserhebung in der Wirtschaftsinformatik 2004.
	Wirtschaftsinformatik,
	47
	(3).
	228-230.
	ISSN 0937-6429"
"Back, Andrea; von Krogh, Georg; Seufert, Andreas & Enkel, Ellen (Hrsg.) 
    	: 
	Getting real about knowledge networks : unlocking corporate knowledge assets.
	
	Basingstoke, UK :
	Palgrave Macmillan,
	2006,
	
	- ISBN 978-1-4039-0058-6."
"Makarevitch, Alexei & Enkel, Ellen:
	Perspective for our partners: New Ventures: important concepts and theories.
	KnowledgeSource paper series,
	2001,
	Vol. 3. BE HSG/IWI 3 IfB No 31."
"Back, Andrea:
	Knowledge Management und E-Learning.
	Seminar ""St. Galler Wissensmanagement"".
	St. Gallen,
	14 November 2000."
"Guggisberg, Vanessa & Back, Andrea:
	Agile Innovation for Next Generation Mobile Business.
	,
	2017,"
"Back, Andrea:
	Szenario Bildungslandschaft 2005.
	Fachtagung Web Based Training: Universelles Lernen an Fachhochschulen und Universitäten.
	Olten,
	22 April 1999."
"Back, Andrea; Seufert, Sabine & Seufert, Andreas:
	Collaborative Learning in Action: Management Education at the University of St. Gallen.
	Lotusphere '98.
	Berlin,
	21 September 1998."
"Leithner, Barbara & Back, Andrea:
	Beiträge der Balanced Scorecard für ein nachhaltiges E-Learning im Unternehmen.
	Arbeitsberichte des Learning Center der Universität St. Gallen,
	2004,
	4/2004."
"Mayrhofer, David; Back, Andrea; Hubschmid, Roger & Heidecke, Florian:
	Software Tools for E-Collaboration: Evaluating Web-Conferencing Tools.
	2005.
	- 16th Information Resources Management Association Conference (IRMA).
	- San Diego, CA."
"Back, Andrea:
	Teamarbeit 2.0: Global - zeitgemäss - kompetent.
	DATEV-Kongress 2012.
	Berlin,
	7 September 2012."
"Back, Andrea:
	Management Support Systeme im Informationszeitalter.
	Refresher 1/99: Unternehmungsführung in turbulenter Zeit.
	St. Gallen,
	17 März 1999."
"Back, Andrea:
	Lernkurve von 1.x nach 2.x - Erkenntnisse nach 100 Tagen Wissensblog.
	Web 2.0 im Unternehmen: Praxislösungen konkret und anschaulich.
	Zürich,
	10 April 2008."
"Seufert, Andreas; Back, Andrea & von Krogh, G.:
	A Vision for Knowledge Networking.
	,
	1999,"
"Silic, Mario; Cyr, Dianne; Back, Andrea & Holzer, Adrian:
	Effects of Color Appeal, Perceived Risk and Culture on User’s Decision in Presence of Warning Banner Message.
	2017.
	- 50th Hawaii International Conference on Sciences (HICSS).
	- Waikoloa, Hawaii."
"Bendel, Oliver:
	Avatar.
    	In  
    	Mertens, Peter & Back, Andrea (Hrsg.): 
    	Lexikon der Wirtschaftsinformatik. 
	Berlin :
	Springer,
	2001,
	S. 60."
"Müller, Jochen:
	Massenspeicher, magnetischer.
    	In  
    	Mertens, Peter & Back, Andrea (Hrsg.): 
    	Lexikon der Wirtschaftsinformatik. 
	Berlin :
	Springer,
	2001,"
"Back, Andrea & von Koenigsmarck, Otfried:
	Demos von Anwendungen aus der Praxis und Forschungsergebnissen.
	Knowledge Management Forum - von Semantic Enterprise über Competitive Intelligence bis zu Wissensmanagement.
	St.Gallen,
	11 September 2012."
"Sammer, Thomas & Back, Andrea:
	The Race to the Top : Will a 'Bring Your Own Device' (BYOD) Policy Contribute to the Success of the Adidas Group?
	UK :
	The Case Centre,
	2013."
"Keller, Miriam & Back, Andrea:
	Blended-Learning-Projekte im Unternehmen.
	Arbeitsberichte des Learning Center der Universität St. Gallen,
	2004,
	3/2004."
"Link, Björn & Back, Andrea
 	(2013)
	Systemic Differences between SaaS- and On-Premise-ERP : An Overview of a Qualitative Option Calculation Scheme.
	AIS Transactions on Enterprise Systems,
	4
	(1).
	11-23."
"Marheine, Christian; Engel, Christian & Back, Andrea
 	(2021)
	How an Incumbent Telecoms Operator Became an IoT Ecosystem Orchestrator.
	MIS Quarterly Executive,
	20
	(4).
	297-314.
	ISSN 1540-1960"
"Enkel, Ellen; Rumyantseva, Maria & Gurgul, Grzegorz:
	Integrated Performance Measurement System for Knowledge Networks for Growth.
    	In  
    	Vonkrogh, Georg; Back, Andrea & Enkel, Ellen (Hrsg.): 
    	Knowledge Networks for Business Growth. 
	Berlin :
	Springer,
	2007,
	S. 165-189."
"Back, Andrea & Grüttner, Arne:
	„Die Kinder üben eine Denkhaltung“.
    In: Personalwirtschaft - Das Magazin für den Job HR: Alter! So fördern und nutzen Sie die Talente erfahrener Mitarbeiter
    01/2020    
    (2020),
    
    S. 56-58."
"Back, Andrea:
	Wissensmanagement und -Tools.
	Blockwoche Informationsmanagement Intensivstudium KMU.
	St. Gallen,
	1 Oktober 2002."
"Back, Andrea:
	Wirtschaftlichkeitsanalysen im IV-Bereich.
	Blockwoche Informationsmanagement Intensivstudium KMU.
	St. Gallen,
	2 Juni 1998."
"Back, Andrea:
	Lernen in der Wissensgesellschaft: Paradigmenwechsel für die betriebliche Bildung.
	1. Fachtagung zum Thema die lernende Gesellschaft oder Wissensmanagement im 21. Jahrhundert.
	Zürich-Schlieren,
	20 Oktober 1999."
"Back, Andrea
 	(1998)
	Computeranalphabet trotz PC-Führerschein?
	IBM uptodate,
	
	(5).
	2-3."
"Back, Andrea:
	Basis-Workshop Wissensmanagement (WM).
	Wissensmanagement.
	Worblauben,
	5 Oktober 2001."
"Back, Andrea:
	Die Rolle des CLO.
	CNO-Panel No. 3.
	Bern,
	26 November 2003."
"Josef, Barbara & Back, Andrea:
	Coworking aus Unternehmenssicht – Serendipity-Biotop oder Fluchtort?
	,
	2016,"
"Back, Andrea:
	Critical Success Factors (CSF).
    	In  
    	Mertens, Peter & Back, Andrea (Hrsg.): 
    	Lexikon der Wirtschaftsinformatik. 
	Berlin :
	Springer,
	2001,
	S. 124-125."
"Mayrhofer, David; Back, Andrea & Hubschmid, Roger:
	Web-Conferencing Software Tools: A Comprehensive Market Survey.
	Mayrhofer, David; Back, Andrea; Hubschmid, Roger,
	2004,
	2/2004."
"Back, Andrea & Seufert, Andreas
 	(1995)
	Kanzleiinformationssystem.
	Datenverarbeitung-Steuer-Wirtschaft-Recht,
	Vol. 25
	(4).
	114-118."
"Back, Andrea:
	Groupware im Kontext problemorientierter Computing Workspaces.
	Executive Study Program Master of Business Engineering.
	St. Gallen,
	11 Januar 1999."
"Silic, Mario & Back, Andrea
 	(2016)
	The Influence of Risk Factors in Decision-Making Process for Open Source Software Adoption.
	International Journal of Information Technology and Decision Making,
	15
	(1).
	151-185.
	ISSN 0219-6220"
"Back, Andrea:
	Zum Verhältnis von eLearning und Wissensmanagement im Unternehmen.
	2002.
	- 32. Jahrestagung der Gesellschaft für Informatik e.v. (GI).
	- Dortmund."
"Back, Andrea; von Krogh, Georg; Seufert, Andreas & Enkel, Ellen (Hrsg.) 
    	: 
	Putting Knowledge Networks into Action: Methodology, Development, Maintenance.
	
	Berlin :
	Springer,
	2005,
	DOI:10.1007/b138845.
	- ISBN 3-540-40574-7."
"Back, Andrea:
	HSG Business Engineering Research Program.
	IS Seminar, City University of Hong Kong.
	
	7 März 2006."
"Back, Andrea & Bendel, Oliver:
	Lern- und Wissensportale in Corporate Universities.
    	In  
    	Glotz, Peter & Seufert, Sabine (Hrsg.): 
    	Corporate University : Wie Unternehmen ihre Mitarbeiter mit e-learning erfolgreich weiterbilden. 
	Frauenfeld :
	Huber,
	2002,
	S. 53-63."
"Egeli, Martin & Back, Andrea:
	Mobile Enterprise - bereit für den mobilen Wandel?
    In: IT business
    15    
    (2015),
    1,
    S. 24-25."
"Back, Andrea
 	(1995)
	Groupware. Editoral.
	Informatik/Informatique,
	Vol. 2
	(6).
	2."
"Josef, Barbara; Sapegina, Anastasia; Back, Andrea & Weibel, Antoinette:
	Coworking aus Unternehmenssicht II: Out of Office – into the Flow?
	St.Gallen :
	IWI-HSG & FAA-HSG, Universität St.Gallen,
	2019."
"Mertens, Peter & Back, Andrea (Hrsg.) 
    	: 
	Lexikon der Wirtschaftsinformatik.
	
	Berlin u.a. :
	Springer,
	2001,
	
	- ISBN 3-540-42339-7."
"Back, Andrea:
	E-Learning strategisch! Balanced Scorecard: Strategieinstrument für E-Learning.
	4. Fachtag Online Lernen.
	Karlsruhe,
	20 September 2001."
"Ammann Schoch, Regina; Back, Andrea; Kunert, Karsten & Tresch, Markus
 	(2003)
	Wissensinitiativen: Überall, aber wo genau?
	io new management,
	
	(Nr. 10).
	30-36."
"Back, Andrea & Koch, Michael:
	Enterprise 2.0-Fallstudien - Aus Erfahrung lernen.
	12. KnowTech 2010.
	Bad Homburg,
	16 September 2010."
"Back, Andrea:
	Implementierung von Wissensmanagement-Systemen und -Netzwerken.
	Seminar an der Akademie für öffentliche Verwaltung des Freistaates Sachsen.
	Dresden,
	12 Mai 2004."
"Back, Andrea:
	How work is changing in the Information Age.
	SMU City Campus, Lee Kong Chian School of Business.
	Singapore,
	28 Februar 2006."
"Fiechter, Daniel; Sammer, Thomas & Back, Andrea:
	Efficient And Ubiquitous Resource Allocation - Can Smartphones Improve Urban Traffic Flow Associated With Numerous Cars Searching For Parking Spaces?
	2013.
	- European Transport Conference 2013.
	- Frankfurt a. M.."
"Back, Andrea:
	Beiträge des BSC-Ansatzes zur strategischen Verankerung von E-Learning im Unternehmen.
	E-Learning Workshop ""Einsatzkonzepte und Geschäftsmodell"".
	Hannover,
	27 September 2004."
"Back, Andrea
 	(2009)
	Die Öffnung des Innovationsprozesses.
	wirtschaftsmagazin,
	
	(11).
	9-11."
"Silic, Mario & Back, Andrea
 	(2014)
	Information security: Critical review and future directions for research.
	Information Management & Computer Security,
	22
	(3).
	279-308.
	ISSN 0968-5227"
"Back, Andrea:
	Knowledge Networks und Knowledge Management Technologien.
	Gastvortrag an der Universität Bamberg.
	Bamberg,
	27 Juni 2000."
"Back, Andrea:
	Wissensmanagement und IT-Technologie - eine häufig missverstandene Beziehung.
	BMW Forum Zukunft.
	Regensburg,
	6 July 2000."
"Back, Andrea:
	Schöne neue Arbeitswelt: Die Rolle von E-Tools für Ihre Informations- und Wissensarbeiter.
	Keynote an der eHealthCare.ch04 Konferenz.
	Zürich,
	12 Oktober 2004."
"Back, Andrea:
	Wissensnetzwerke: Ihr Beitrag zum persönlichen und Unternehmenswachstum.
	Siemens KAuDz.
	Erlangen,
	1 März 2001."
"Back, Andrea:
	Chief-Learning-Officer-Projektagenda 200x.
	GI-Jahrestagung, Oktober 2002.
	Dortmund,
	1 Oktober 2002."
"Back, Andrea:
	Lernen im Cyberspace: Die Zukunft der Wissensentwicklung und Bildungsdienstleistung?
    	In  
    	Belz, Christian & Bieger, Thomas (Hrsg.): 
    	Dienstleistungskompetenz und innovative Geschäftsmodelle. 
	St. Gallen :
	THEXIS,
	2000,
	S. 358-374."
"Ammann Schoch, Regina; Back, Andrea; Kunert, Karsten & Tresch, Markus
 	(2004)
	Wissensmanagement strategisch verankern.
	Wissensmanagement : das Magazin für Führungskräfte,
	6
	(3).
	20-22.
	ISSN 1438-4426"
"Back, Andrea:
	Einführung in das Thema.
	Seminar ""Weblogs, Wikis, Podcasts & Co. - Wissenstransfer der nächsten Generation"".
	Berlin,
	25 Oktober 2007."
"Berghaus, Sabine; Sammer, Thomas; Brechbühl, Hans & Back, Andrea
 	(2014)
	Balancing Innovation and Operations: Opportunities and Challenges of Second Generation Enterprise Mobility.
	The journal of management systems,
	24
	(3).
	31-44.
	ISSN 1041-2808"
"Back, Andrea & Koch, Michael
 	(2011)
	Broadening Participation in Knowledge Management in Enterprise 2.0.
	Information Technology : it,
	53
	(3).
	135-141.
	ISSN 0944-2774"
"Vassiliadis, Stefanos; Wicki, Yvonne; Seufert, Andreas; von Krogh, G. & Back, Andrea:
	Knowledge Networks: Linking Knowledge Management to Business Strategy.
	,
	1999,"
"Mörstedt, Nils G. & Back, Andrea:
    Steuerungstool des Board of Directors für Digitale Transformationsprojekte.
    [Konferenzbeitrag]"
"Koehne, Marija; Raimann, Joerg; Seufert, Andreas; von Krogh, G. & Back, Andrea:
	The Influence of Human Networks and Human Value Systems on Knowledge Sharing/Transfer Projects.
	,
	1999,"
"Back, Andrea:
	Twitter - Begegnung mit altbekannten Lernsituationen.
	Learntec 2010.
	Karlsruhe,
	4 Februar 2010."
"Silic, Mario & Back, Andrea
 	(2016)
	What are the Keys to a Successful Mobile Payment System? Case of Cytizi: Mobile Payment System.
	Journal of Global Information Management,
	24
	(3).
	1-20.
	ISSN 1062-7375"
"Back, Andrea:
	Social Media im Unternehmenskontext und in der Arbeit.
	EMBE-Modul 9.
	St. Gallen,
	23 Mai 2011."
"Back, Andrea:
	Zum Verhältnis von eLearning und Wissensmanagement in Unternehmen.
	GI-Jahrestagung.
	Dortmund,
	1 Oktober 2002."
"Back, Andrea; Seufert, Sabine & Kramhöller, S.
 	(1998)
	Technology enabled Management Education - Die Lernum_gebung MBE Genius im Bereich Executive Study an der Universität St. Gallen.
	IO Management,
	21
	(3).
	36-42.
	ISSN 0019-9281"
"Heidecke, Florian:
	Newsfeeds und Newsaggregatoren.
    	In  
    	Back, Andrea; Gronau, Norbert & Tochtermann, Klaus (Hrsg.): 
    	Web 2.0 in der Unternehmenspraxis : Grundlagen, Fallstudien und Trends zum Einsatz von Social Software. 
	München :
	Oldenbourg,
	2008,
	S. 57-63."
"Heidecke, Florian & Back, Andrea:
	A Reference Model for E-Collaboration within the Dispersed Sales Force Training Process in Multinational Companies.
    	In  
    	Kock, Ned (Hrsg.): 
    	E-Collaboration: Concepts, Methodologies, Tools, and Applications. 
	Hershey/New York :
	Information Science Reference,
	2009,
	S. 735-750."
"Back, Andrea; Seufert, Andreas & von Krogh, G.:
	Wissensnetzwerke: Vision - Referenzmodell - Archetypen und Fallbeispiele.
    	In  
    	 
    	Wissensmanagement : zwischen Wissen und Nichtwissen. 
	München und Mering :
	Rainer Hampp,
	1999,
	S. 133-156."
"Back, Andrea; Vonkrogh, Georg; Seufert, Andreas & Enkel, Ellen (Hrsg.) 
    	: 
	Putting knowledge networks into action : a methodology for developing and maintaining Knowledge Networks.
	
	Berlin :
	Springer,
	2005,
	DOI:10.1007/b138845.
	- ISBN 978-3-540-40574-0."
"Back, Andrea:
	Web-DNA-Analyse von (((rebell.tv))) - Publizieren und Kommunizieren in innovativer Genese.
    	In  
    	Piazzi, Tina & Seydel, Stefan M. (Hrsg.): 
    	Die Form der Unruhe; Band 1 : Das Statement. 
	Hamburg :
	Junius,
	2009,
	S. 28-31."
"Back, Andrea & Schuka, Oliver
 	(1996)
	Vom Firmenhauptsitz ins Telecottage.
	Output Focus,
	Vol. 1
	
	46-48."
"Mayrhofer, David & Back, Andrea:
	Workplace e-collaboration in Practice - Identifying preconditions for successfully implementing e-collaboration in organizations.
	2003.
	- 14th Information Resource Management Association International Conference (IRMA03).
	- Philadelphia, PA."
"Walter, Thomas & Back, Andrea:
	A Text Mining Approach to Evaluate Submissions to Crowdsourcing Contests.
	2013.
	- 46th Hawaii International Conference on System Sciences (HICSS).
	- Grand Wailea, Maui, Hawaii."
"Back, Andrea:
	Web 2.0 und Social Media im Unternehmenskontext: Einführung mit Erklärungen und Beispielen für Einsteiger.
	Focus on social media.
	Europäisches Patentamt, München,
	3 März 2009."
"Zollet, Roman & Back, Andrea:
	Critical Factors Influencing Innovation Diffusion on Corporate Websites.
	St.Gallen :
	Institute of Information Management,
	2014."
"Berghaus, Sabine & Back, Andrea:
	Wie packen Unternehmen die Digitale Transformation an? (Teil 1).
	
	T-Systems Multimedia Solutions GmbH,
	2016."
"Ruf, Christian; Back, Andrea & Weidenfeld, Henk Andreas:
	Designing Tablet Banking Apps for High-Net-Worth Individuals : Specifying Customer Requirements with Prototyping.
	2015.
	- The 28th Bled eConference ""#eWellbeing"".
	- Bled, Slovenia."
"Back, Andrea:
	Revolutionäre Trends in der Zusammenarbeit: The wiki way, the twitter way, the open innovation way.
	TA SWISS.
	Thun,
	23 September 2009."
"Back, Andrea & Wagner, J.
 	(1996)
	Internet und World Wide Web : Zugangs- und Anwendungsmöglichkeiten für den Steuerberater.
	DSWR,
	Vol. 25
	(4).
	78-80."
"Back, Andrea; Haentschel-erhart, Irene; Baumann, Philipp & Ziekursch, Tim
 	(2007)
	Blogs helfen beim Projekt-Management.
	Computerwoche,
	
	(20).
	24."
"Back, Andrea; Enkel, Ellen & Vonkrogh, Georg (Hrsg.) 
    	: 
	Knowledge Networks for Business Growth.
	
	Berlin :
	Springer,
	2006,
	DOI:10.1007/978-3-540-33073-8.
	- ISBN 3-540-33072-0."
"Gurgul, Grzegorz; Enkel, Ellen; Schulte, Kordula & Kruse, Carl-Heinrich:
	Supporting integration after M&A throuth Knowledge Networks within RWE Net.
    	In  
    	Vonkrogh, Georg; Back, Andrea & Enkel, Ellen (Hrsg.): 
    	Knowledge Networks for Business Growth. 
	Berlin :
	Springer,
	2007,
	S. 33-57."
"Back, Andrea:
	Wissensmanagement IKT-Systeme und -Tools.
	Seminar ""St. Galler Wissensmanagement"" 2002.
	Ermatingen,
	1 Oktober 2002."
"Leithner, Barbara; Keller, Miriam; Bursian, Olaf; Bendel, Oliver & Back, Andrea:
	Betreibermodell und Anreizsystem für Multimedia-gestützte Studiengänge im Weiterbildungsmarkt.
	,
	2001,
	BE HSG / IWI3 Nr. 20 (Internal Paper)."
"Österle, Hubert & Back, Andrea:
	Zum Verhältnis von informationstechnologischer und gesellschaftlicher Entwicklung: Bildung für Informationstechnik - Informationstechnik für Bildung.
    	In  
    	Blandow, D. & Theuerkauf, W.E. (Hrsg.): 
    	Strategien und Paradigmenwechsel zur Technischen Bildung: Report der Tagung ""Technische Bildung"" Braunschweig 18. bis 20. Oktober 1996. 
	Hildesheim :
	Franzbecker,
	1997,
	S. 41-58."
"Back, Andrea:
	Mit Medienkompetenz zum Studierendenerlebnis.
	Campus Innovation.
	Hamburg,
	26 November 2009."
"Enkel, Ellen & Wicki, Yvonne:
	How Knowledge Networks in practice look like: Findings from an international survey.
	KnowledgeSource paper series,
	2002,
	BE HSG/IWI 3, No 27."
"Schuh, G.; Back, Andrea; Friedli, T. & Seufert, Sabine
 	(1998)
	2005: Virtuelle Universitäten auf dem Vormarsch.
	Thexis-Sonderheft Management Szenarien 2005,
	Vol. 15
	(Nr. 2).
	130-131."
"Josef, Barbara & Back, Andrea
 	(2019)
	Coworking aus Unternehmenssicht – Out of Office, into the Flow?
	Arbeiten 4.0,
	56
	(4).
	780-794.
	ISSN 1436-3011"
"Back, Andrea:
	Potentiale der neuen Medien in der Ausbildung: 7 Thesen.
	2. Veranstaltung des Nachdiplomstudiums Informatik und Telekommunikation NDIT/FPIT.
	St. Gallen,
	20 August 1998."
"Vassiliadis, Stefanos; Raimann, Joerg; Seufert, Andreas; Back, Andrea & von Krogh, G.:
	Training for Knowledge Networks: Documentation.
	,
	2000,"
"Back, Andrea:
	Learning-Management-Systeme im Corporate E-Learning: Lösung oder Auslöser.
	2005.
	- Fachtagung Web-Based Training 2005.
	- Zürich-Wallisellen."
"Lötscher, Julia & Back, Andrea
 	(2020)
	Erfolgsfaktoren für digitale Solutions: Wie steht es um die Innovationskultur in Ihrem Unternehmen?
	Wirtschaftsinformatik & Management,
	12
	(Juni).
	158-167.
	ISSN 1867-5905"
"Back, Andrea:
	Die wissenschaftliche Sicht: Der rechte Umgang mit Stakeholdern.
    	In  
    	Wilbers, Karl (Hrsg.): 
    	Stolpersteine beim Corporate E-Learning: Stakeholdermanagement, Management von E-Learning-Wissen, Evaluation. 
	München :
	Oldenbourg,
	2005,
	S. 19-30."
"Back, Andrea:
	Web-based Open Innovation: Wie Online-Gemeinschaften Dienstleistungen, Produkte und Wissen produzieren.
	Edu Media Fachtagung.
	Salzburg,
	5 Mai 2009."
"Back, Andrea; Seufert, Andreas; Vassiliadis, Stefanos & von Krogh, Georg:
	Competing with Intellectual Capital: Theoretical Background.
	,
	2000,"
"Sammer, Thomas & Back, Andrea:
	Aktuelle Trends in Enterprise Mobility.
    In: IT business
    2012    
    (2012),
    3,
    S. 14-15."
"Back, Andrea:
	Progettare il proprio lavoro attraverso una formazione efficace on-line.
	Professionisti della Salute educare al miglioramento e alla ricerca.
	Trento, Italien,
	28 Januar 2005."
"Back, Andrea:
	Wikis, Blogs & Co. - neue Kommunikations- und Organisationsformen im Gesundheitswesen.
	Web 2.0 und eLearning.
	Charite - Universitätsmedizin Berlin,
	6 November 2007."
"Rennhard, Yannick & Back, Andrea
 	(2014)
	Mediennutzung in der Projektkommunikation von Studierenden - Analyse dreier Praxisprojekte unter besonderer Berücksichtigung der Kollaborationsplattform MavenLink.
	Interdisziplinäre Zeitschrift für Technologie und Lernen : iTeL,
	1
	(1).
	36-49.
	ISSN http://www.itel-journal.org/wp-content/uploads/2016/01/7-75-2-PB.pdf"
"Back, Andrea; Seufert, Andreas & von Krogh, G.
 	(2000)
	Wissensmanagement - eine Bestandsaufnahme.
	SAP Info,
	
	
	22-25."
"Bendel, Oliver & Stoller-Schai, Daniel:
	E-Learning.
    	In  
    	Mertens, Peter & Back, Andrea (Hrsg.): 
    	Lexikon der Wirtschaftsinformatik. 
	Berlin :
	Springer,
	2001,
	S. 164-165."
"Back, Andrea & Haager, Christopher:
	Assessing Degrees of Web-2.0-ness: Model and Results for Product Websites in the Pharma-Industry.
	2011.
	- 24th Bled eConference ""eFuture Creating Solutions for the Individual, Organisations and Society"".
	- Bled, Slovenia."
"Back, Andrea:
	Skill-Management: Heutiger Erkenntnisstand.
	bbz-Forum ""Skill-Management - Voraussetzung zur Weiterentwicklung des Unternehmens"".
	Berlingen,
	1 Oktober 2002."
"Back, Andrea; Isenschmid, Christoph & Jastrowski, Wolfgang:
	Social Software Use-Cases in verschiedenen Geschäftsfunktionen bei Swiss Re.
    	In  
    	Back, Andrea; Gronau, Norbert & Tochtermann, Klaus (Hrsg.): 
    	Web 2.0 und Social Media in der Unternehmenspraxis : Grundlagen, Anwendungen und Methoden mit zahlreichen Fallstudien. 
	München :
	Oldenbourg,
	2012,
	S. 239-251."
"Back, Andrea & Seufert, Andreas
 	(1997)
	Kanzleiinformationssystem: Mehrdimensionales Kanzleicontrolling.
	Datenverarbeitung-Steuer-Wirtschaft-Recht,
	Vol. 27
	(3).
	73-77."
"Back, Andrea & Ruf, Christian:
	Mobile Business.
    	In  
    	Hoffmann, Christian Pieter; Lennerts, Silke; Schmitz, Christian; Stölzle, Wolfgang & Uebernickel, Falk (Hrsg.): 
    	Business Innovation: Das St.Galler Modell. 
	Wiesbaden :
	Springer Fachmedien Wiesbaden,
	2016,
	S. 357-381."
"Enkel, Ellen; Back, Andrea & Vonkrogh, Georg:
	The Concept of Knowledge Networks for Growth.
    	In  
    	Vonkrogh, Georg; Back, Andrea & Enkel, Ellen (Hrsg.): 
    	Knowledge Networks for Business Growth. 
	Berlin :
	Springer,
	2007,
	S. 1-31."
"Back, Andrea:
	E-Learning im Unternehmen: Vom Kursprojekt zum Reengineering der Bildungsprozesse.
	4. BIBB-Fachkongress 2002.
	Berlin,
	24 Oktober 2002."
"Back, Andrea & Irmler, Peter
 	(2012)
	Implementing a Classification Scheme for Enterprise 2.0.
	Information Technology : it,
	54
	(5).
	220-227.
	ISSN 0944-2774"
"Back, Andrea:
	Alles Technik oder was? Wenn IT-Trends aufs Business treffen.
	netzEvent IT-Markt Report 2012.
	Zürich,
	22 März 2012."
"Back, Andrea
 	(2003)
	Workplace Learning: mit E-Learning im Arbeitsprozess lernen.
	SKO-Leader,
	
	(6).
	8-9."
"Back, Andrea:
	eCollaboration.
	Kernprogramm Information Management, EMBA an der Universität Zürich.
	Universität Zürich,
	13 März 2002."
"Back, Andrea
 	(1994)
	Vorarbeiten für die Datenmodellierung am Beispiel zweier Industrieunternehmen : Automatisierte Dateninventur und elektronischer Begriffskatalog.
	Wirtschaftsinformatik 36,
	Vol. 5
	
	409-421."
"Seidel, Gunter & Back, Andrea:
	Construction of a Method for Assessing the Likelihood of Burnout of Global ERP Programmes.
	Arbeitsberichte Business 2.0 IWI-HSG,
	2010,
	1/2010."
"Back, Andrea
 	(2002)
	E-HR - Strategic Upgrade.
	Learntec New,
	
	(Nr. 1).
	10-11."
"Back, Andrea:
	Social Media: What is Social Media and how will Social Media change our future working environment.
	Workshop Zurich Insurance Company.
	Zürich,
	20 August 2012."
"Wagner, Christian & Back, Andrea
 	(2008)
	Group Wisdom Support Systems: Aggregating the Insights of many trough Information Technology.
	Issues in Information Systems (IIS),
	9
	(2).
	343-350."
"Back, Andrea
 	(2009)
	Disruptiv innovieren in E-Learning und Kommunikation.
	Netzwoche,
	
	(2).
	40."
"Raimann, Joerg; Koehne, Marija; Seufert, Andreas; Back, Andrea & von Krogh, G.:
	Performance Measurement of Communities of Practice.
	,
	2000,"
"Back, Andrea
 	(1994)
	Umsetzung objektorientierter Konstrukte im internen Rechnungswesen.
	HMD: Praxis der Wirtschaftsinformatik,
	Vol. 31
	(176).
	94-104."
"Heusler, Noemi & Back, Andrea:
	Wearable Business Solutions – Herleitung und Auswirkung auf die Value Creation durch Unternehmen im Jahr 2021 mittels Szenariotechnik und Delphimethode.
	,
	2016,
	01/2016."
"Berghaus, Sabine & Back, Andrea:
	Disentangling the Fuzzy Front End of Digital Transformation: Activities and Approaches.
	2017.
	- International Conference on Information Systems (ICIS) 2017.
	- Seoul."
"Walter, Thomas:
	Crowdsourcing-Plattformen.
    	In  
    	Back, Andrea; Gronau, Norbert & Tochtermann, Klaus (Hrsg.): 
    	Web 2.0 und Social Media in der Unternehmenspraxis : Grundlagen, Anwendungen und Methoden mit zahlreichen Fallstudien. 
	München :
	Oldenbourg,
	2012,
	S. 73-82."
"Gurgul, Grzegorz; Enkel, Ellen; Rumyantseva, Maria & Ulrich, Claudia:
	The customer - an untapped source of innovations. Developing a Customer Integration Network in HP.
    	In  
    	Vonkrogh, Georg; Back, Andrea & Enkel, Ellen (Hrsg.): 
    	Knowledge Networks for Business Growth. 
	Berlin :
	Springer,
	2007,
	S. 59-76."
"Sammer, Thomas; Back, Andrea & Brechbühl, Hans:
	Employing Consumer IT in Operations: Will iPads Save Money, Increase Efficiency, and Raise User Satisfaction?
	
	The Case Centre (UK),
	2014."
"Back, Andrea:
	St.Galler Referenzmodell: Strategie und Methoden für Lernprozesse.
	Opening 2004 der e/t/s didactic media im Rahmen der Learntec.
	Karlsruhe,
	10 Februar 2004."
"Back, Andrea & von Krogh, G.:
	Evaluation Report: Review of the Knowledge Management Activities in the Unilever Culinary Category.
	,
	1998,"
"Back, Andrea:
	IT und Wissensmanagement: Freude oder Feinde?
	Kunden-Event Fritz&Maziol.
	St. Gallen,
	19 September 2001."
"Walter, Thomas & Back, Andrea:
	Data Mining and Social Network Analysis of Ideation Contests : A Repeated Measures Design.
	St.Gallen :
	Institute of Information Management, University of St.Gallen,
	2013."
"Sammer, Thomas; Lazur, Christian; Walter, Thomas & Back, Andrea:
	Barrieren am Weg zum Mobile Contactless Payment : Eine Marktanalyse und Bestandsaufnahme der Situation in der Schweiz.
	2012.
	- 7. Konferenze Mobile und Ubiquitäre Informationssysteme (MMS).
	- Braunschweig."
"Back, Andrea & Henestrosa, Alexandra:
	Mobile Learning App - Wie hätten Sie denn gerne Ihren intelligenten Lerncoach?
	Swiss eLearning Conference.
	Zürich,
	18 April 2012."
"Silic, Mario; Back, Andrea & Silic, Dario
 	(2015)
	Taxonomy of technological risks of open source software in the enterprise adoption context.
	Information & Computer Security,
	23
	(5).
	570-583.
	ISSN 2056-4961"
"Back, Andrea:
	E-Learning im Unternehmen.
	CIO-Meeting.
	Zürich,
	6 März 2006."
"Back, Andrea:
	Videobasiertes E-Learning auf dem Siegeszug 2.0.
	Jubiläumskonferenz Livesession time4you.
	
	24 November 2009."
"Back, Andrea:
	Vorbereitungsgrad von Unternehmen für E-Learning.
	Moderation Fragebogenauswertung via Centra für ""KMU-Wissen: Weiterbildung Online"".
	St. Gallen,
	1 Oktober 2003."
"Back, Andrea; Reinmann, Gabi & Baumgartner, Peter
 	(2014)
	Editorial: Erste Ausgabe von iTeL.
	Interdisziplinäre Zeitschrift für Technologie und Lernen (iTeL),
	
	(1).
	3-5."
"Cervellieri, Adrian; Buchli, Reto & Back, Andrea:
	Wissens-Wiki im IT-Betrieb und Notfall-Management bei der SFS services AG.
    	In  
    	Back, Andrea; Gronau, Norbert & Tochtermann, Klaus (Hrsg.): 
    	Web 2.0 und Social Media in der Unternehmenspraxis : Grundlagen, Anwendungen und Methoden mit zahlreichen Fallstudien. 
	München :
	Oldenbourg,
	2012,
	S. 273-282."
"Back, Andrea & Friedel, Dominik:
	Enterprise 2.0 - Nutzung & Handlungsbedarf im innerbetrieblichen, B2B und B2C Kontext.
	Zollikofen :
	T-Systems Schweiz AG,
	2011."
"Zollet, Roman & Back, Andrea
 	(2015)
	Critical Factors Influencing Diffusion of Interactivity Innovations on Corporate Websites.
	IEEE Transactions on Professional Communication,
	58
	(1).
	2-19.
	ISSN 0361-1434"
"Back, Andrea:
	Strategy Map und Scorecard für E-Learning Initiativen.
	Effektivität und ROI in der betrieblichen Weiterbildung.
	Thalwil,
	20 September 2007."
"Back, Andrea & Bursian, Olaf:
	Neue Lerntechnologien (NLT) in Schweizerischen Industrieunternehmen.
	,
	2001,"
"Back, Andrea
 	(2012)
	Unternehmens-Wikis - wie ging das früher ohne?
	IT-Business,
	11
	(1).
	36-37.
	ISSN 1616-3532"
"Wicki, Yvonne; Enkel, Ellen; Seufert, Andreas; Back, Andrea & von Krogh, Georg:
	Knowledge Network - Survey Findings (internal Paper).
	,
	2001,"
"Silic, Mario; Barlow, Jordan & Back, Andrea
 	(2018)
	Evaluating the Role of Trust in Adoption: A Conceptual Replication in the Context of Open Source Systems.
	AIS Transactions on Replication Research,
	4
	(1).
	1-17.
	ISSN 2473-3458"
"Back, Andrea:
	Teamzentrierte Lernumgebungen: Beispiele und Erfahrungen mit Lehrveranstaltungen an der Universität St. Gallen.
	CHIP '98.
	St. Gallen,
	23 Januar 1998."
"Back, Andrea:
	E-Learning strategisch verankern.
    	In  
    	Thom, Norbert & Zaugg, Robert J. (Hrsg.): 
    	Moderne Personalentwicklung : Mitarbeiterpotenziale erkennen, entwickeln und fördern. 
	Wiesbaden :
	Gabler,
	2007,
	S. 205-226."
"Back, Andrea:
	2.0 Upgradings in Project Management - Opportunities and Risks Through Wiki-Way- and (Micro)Blogging Practices.
	4th SAP Globalization Symposium 2010.
	
	21 Juni 2010."
"Back, Andrea:
	Barrieren am Weg zum Mobile Contactless Payment Eine Marktanalyse und Bestandsaufnahme der Situation in der Schweiz.
	MKWI 2012.
	Braunschweig,
	1 März 2012."
"Back, Andrea:
	Social Media in Universities.
	24th Bled eConference.
	Bled,
	14 Juni 2011."
"Back, Andrea:
	E-Meetings im Überblick: Eine Einführung.
	E-Meetings in die Arbeits- und Lernkultur integrieren, Seminar Learning Center.
	Horgen bei Zürich,
	8 Mai 2003."
"Back, Andrea:
	Strategisches Management & Informations- und Kommunikationstechnologien (IKT) insbesondere Knowledge Management.
	MSM Seminar.
	Zürich,
	12 Mai 1998."
"Silic, Mario & Back, Andrea:
	Identification and Importance of the Technological Risks of Open Source Software in the Enterprise Adoption Context.
	2015.
	- 12th International Conference on Wirtschaftsinformatik (WI 2015).
	- Osnabrück."
"Österle, Hubert; Back, Andrea; Winter, Robert & Brenner, Walter (Hrsg.) 
    	: 
	Business Engineering - Die ersten 15 Jahre.
	
	Berlin :
	Springer,
	2004,
	DOI:10.1007/978-3-642-18542-7.
	- ISBN 978-3-642-62151-2."
"Back, Andrea:
	eLearning im Unternehmen: Lessons Learned und Erfahrungslücken.
	Learntec.
	Karlsruhe,
	7 Februar 2002."
"Silic, Mario & Back, Andrea
 	(2013)
	Factors impacting information governance in the mobile device dual-use context.
	Records Management Journal,
	23
	(2).
	73-89.
	ISSN 0956-5698"
"Wildi, Dennis; Back, Andrea & Gfeller, Reto
 	(2011)
	Wachstumsbarrieren bei der Nutzung von betrieblichen Lernplattformen.
	HMD : Praxis der Wirtschaftsinformatik,
	48
	(1).
	18-27.
	ISSN 1436-3011"
"Back, Andrea
 	(2009)
	Corporate E-Learning: Disruptive Innovation auf der Überholspur?
	IT-Business,
	
	(1).
	23-24.
	ISSN 1616-3532"
"Back, Andrea:
	E-Learning Balanced Scorecard.
	5. IT-Kongress der Know How! AG.
	Stuttgart,
	23 März 2004."
"Back, Andrea; Lauber, Jürgen & Sütterlin, Sarah:
	Wissensarbeit nach Lean-Prinzipien bei Saia-Burgess Controls.
    	In  
    	Richter, Alexander (Hrsg.): 
    	Vernetzte Organisation. 
	München :
	De Gruyter,
	2014,
	S. 176-183."
"Back, Andrea:
	Welche Kompetenzen in der digitalen Welt 2020 gebraucht werden.
	9. Zukunftskongress des 2b AHEAD ThinkTanks.
	Braunschweig,
	16 Juni 2010."
"Back, Andrea
 	(2000)
	Michael Cusumano :Interview.
	Wirtschaftsinformatik,
	42
	(1).
	71-73.
	ISSN 0937-6429"
"Köhne, M.; Enkel, Ellen; Seufert, Andreas; Back, Andrea & Vonkrogh, Georg:
	Development Aspects and Supportive Factors in Knowledge Networks.
	KnowledgeSource of St. Gallen,
	2000,
	BE HSG/IWI No 18."
"Mayrhofer, David & Back, Andrea:
	Workplace E-Collaboration: Theoretical Foundations and Practical Implications.
	Arbeitsberichte des Learning Center der Universität St. Gallen,
	2003,
	1/2003."
"Back, Andrea:
	Die praktische Umsetzung von Blended-Learning-Angeboten in der betrieblichen Aus- und Weiterbildung.
	Forum ""Blended Learning"" der Frey Akademie.
	Winterthur,
	3 April 2004."
"Back, Andrea:
	Einführung.
	Knowledge Worker Productivity: Von Investitionen in Lernen und Wissen zu messbaren Geschäftsresultaten, Seminar Learning Center.
	Wallisellen,
	18 November 2004."
"Peter, Lukas; Back, Andrea & Werro, Tina
 	(2019)
	Practical Implications On How Established Companies Innovate With Startups: Tools and Guidelines for Innovation Managers.
	
	
	
	
	ISSN 2577-4972"
"Back, Andrea:
	Interview zu E-Learning im Unternehmen im Learntec-Studio.
	Learntec vom 06.02. bis 08.02.02.
	Karlsruhe,
	6 Februar 2002."
"Back, Andrea:
	Unterwegs auf der Formel1-Rennstrecke der E-Learning-Innovationen.
	Zukunft E-Learning: E-Learning-Strategie und didaktische Implikationen.
	Universität Innsbruck,
	4 Dezember 2006."
"Back, Andrea & Seufert, Andreas:
	State of the Art des Management Supports Teil 1: Klassische Management Support Ansätze.
	,
	1997,"
"Back, Andrea & Leithner, Barbara:
	Beiträge des Balanced-Scorecard-Ansatzes zur strategischen Verankerung von E-Learning im Unternehmen.
    	In  
    	Breitner, Michael H. & Hoppe, Gabriela (Hrsg.): 
    	E-Learning : Einsatzkonzepte und Geschäftsmodelle. 
	Heidelberg :
	Physica-Verlag,
	2005,
	S. 81-99."
"Back, Andrea; Bauknecht, K.; Morger, O. & Tjoa, A.:
	Computer Supported Cooperative Work im Fokus des Bankensektors.
	,
	1997,"
"Back, Andrea:
	Chief-Learning-Officer-Projektagenda 200x.
	2002.
	- 32. Jahrestagung der Gesellschaft für Informatik e.V. (GI).
	- Dortmund."
"Back, Andrea & Walter, Thomas
 	(2010)
	University Apps.
	Switchjournal,
	
	(Oktober).
	43-44.
	ISSN 1422-5662"
"Back, Andrea:
	Trends im E-Learning - Chancen, die es zu nutzen gilt.
	akte 06 - Know-how Transfer und angewandtes e-Learning im Gesundheitswesen.
	Bern,
	20 Oktober 2006."
"Silic, Mario & Back, Andrea:
	Deterrent Effects of Warnings on User’s Behavior in Preventing Malicious
Software Use.
	2017.
	- 50th Hawaii International Conference on Sciences (HICSS).
	- Waikoloa, Hawaii."
"Berghaus, Sabine & Back, Andrea:
	Requirements Elicitation and Utilization Scenarios for In-Car Use of Wearable Devices.
	2015.
	- 48th Hawaiin International Conference on System Sciences (HICSS).
	- Kauai, Hawaii."
"Back, Andrea:
	Knowledge Management und Knowledge Portale: Konzepte und Trends.
	AGI IT Services AG, ERFA Workshop.
	Zürich,
	11 April 2000."
"Back, Andrea
 	(1997)
	Der Cyberspace des 21. Jahrhunderts - Unsere virtuelle neue Welt?
	Forum FN: Themen der Zeit,
	
	(54).
	13."
"Back, Andrea:
	Entscheidungsunterstützungssysteme.
    	In  
    	Küpper, Hans-Ulrich & Wagenhofer, Alfred (Hrsg.): 
    	Handwörterbuch Unternehmensrechnung und Controlling. 
	Stuttgart :
	Schäffer-Poeschel,
	2002,
	S. 370-374."
"Back, Andrea
 	(1998)
	Editoral.
	Informatik/Informatique,
	Vol. 5
	(6).
	2."
"Bursian, Olaf; Bendel, Oliver; Isler, A.; Martin, Gunnar; Leithner, Barbara; Keller, Miriam & Back, Andrea:
	Lernen mit elektronischen Medien: Projekt E-Learning der UBS AG, Zürich.
	Reihe Arbeitsberichte des Learning Center der Universität St. Gallen,
	2001,
	1/2001."
"Bieger, Thomas; Achleitner, Paul; Landolf, Urs; Serratore, Luca; Breitenstein, Yannik; Dilger, Bernadette; Angélil, Marc; Fujimoto, Sou; Böhm, Andreas; Meckel, Miriam; Borth, Damian; Gasser, Urs; Lohmann, Melinda Florina; Bruch, Heike; Berenbold, Sandra; Gassmann, Oliver; Josef, Barbara; Back, Andrea; Uebernickel, Falk; Kohler, Marc; Hehn, Jennifer; Leimeister, Jan Marco; Söllner, Matthias; Brenner, Walter; Gutzwiller, Thomas; Frank, Markus; Schürer, Wolfgang & Kissinger, Henry
    	Böhm, Andreas (Hrsg.) 
    	: 
	Open Grid - Open Mind.
	1. Auflage.
	St. Gallen :
	
	2018,"
"Back, Andrea:
	Wissensmanagement in KMU.
	Blockwoche Informationsmanagement Intensivstudium KMU.
	St. Gallen,
	14 September 2001."
"Back, Andrea & Seufert, Andreas
 	(1998)
	Kanzleiinformationssystem: Groupware-basiertes Wissensmanagement in Wirtschaftsprüfungs- und Steuerberatungskanzleien.
	Datenverarbeitung-Steuer-Wirtschaft-Recht,
	Vol. 28
	(3).
	72-76."
"Raimann, Joerg & Back, Andrea
 	(2000)
	Software-Tools und Architekturmodell für das Wissensmanagement.
	ControllerNews: Die Zeitschrift für Controlling und Unternehmensführung,
	
	(Nr. 3).
	69-72."
"Back, Andrea:
	Unterwegs auf der Formel 1-Rennstrecke der e-Learning-Innovationen.
	Zukunft E-Learning - E-Learning-Strategie und didaktische Implikationen.
	Innsbruck,
	4 Dezember 2006."
"Silic, Mario & Back, Andrea
 	(2016)
	Factors driving unified communications and collaboration adoption and use in organizations.
	Measuring Business Excellence,
	20
	(1).
	21-40.
	ISSN 1368-3047"
"Back, Andrea & Schubert, P.
 	(1996)
	Groupwarebasierter Help-Desk für Informatikprobleme: eine Applikation unter Lotus Notes an der Universität St. Gallen.
	HMD: Praxis der Wirtschaftsinformatik,
	Vol. 33
	(189).
	54-63."
"Back, Andrea:
	eCollaboration Goes Web 2.0 - Von den Basistechnologien zu den Trends effektiver verteilter Zusammenarbeit.
	TelekomForum - KompetenzTag Collaboration.
	Köln,
	1 Februar 2007."
"Back, Andrea:
	Sind Sie up-to-date? Übersicht über moderne Kommunikationsmittel und ihre praktische Anwendung.
	Akte 07 Symposium Know-how Transfer und angwandtes E-Learning im öffentlichen Dienst.
	Winterthur,
	10 Mai 2007."
"Back, Andrea:
	Balanced Learning Scorecard: Den Wert von (E-)Learning-Innovationen für Geschäftsziele kommunizieren.
    	In  
    	Ehlers, Ulf-Daniel & Schenkel, Peter (Hrsg.): 
    	Bildungscontrolling im E-Learning : Erfolgreiche Strategien und Erfahrungen jenseits des ROI. 
	Berlin :
	Springer,
	2005,
	S. 131-140."
"Back, Andrea; Seufert, Andreas & von Krogh, G.
 	(1998)
	Measuring.
	Thexis-Sonderheft Management Szenarien 2005,
	Vol. 15
	(2).
	154-155."
"Back, Andrea:
	Zwischen Euphorie und Ernüchterung: Wie entwickelt sich Collaborative Communication via Intranet und Extranet.
	e-Education.
	Luzern,
	1 Mai 2003."
"Heidecke, Florian; Mayrhofer, David; Schiesser, Andreas & Back, Andrea:
	Organisation des Aussendiensttrainings in der Pharma-Branche: Entwicklung eines Referenzmodells mittels Fallstudienforschung.
    	In  
    	Breitner, Michael H.; Bruns, Beate & Lehner, Franz (Hrsg.): 
    	Neue Trends im E-Learning : Aspekte der Betriebswirtschaftslehre und Informatik. 
	Heidelberg :
	Physica,
	2007,
	S. 181-196."
"Back, Andrea:
	Lernen am Puls der Zeit gestalten.
	e-Learning Castle-Forum.
	Oensingen,
	1 November 2005."
"Back, Andrea
 	(2001)
	Plato-Cookbook: Wie gestalte ich meinen Unterricht im Internet-Klassenzimmer?
	Forum,
	Vol. 21
	(Nr. 1).
	40-41."
"Hain, Stefanie & Back, Andrea:
	State-of-the-Art on Maturity Models for Collaboration.
	Arbeitsberichte Business 2.0,
	2009,
	01/2009."
"Talwar, Manish & Back, Andrea:
	Differences in ERP Implementations in India & Western Europe.
	AMCIS.
	San Francisco,
	9 August 2009."
"Bendel, Oliver & Back, Andrea:
	Informationsversorgung des Staates in der Informationsgesellschaft.
	Arbeitsberichte des Learning Center der Universität St. Gallen,
	2003,
	3/2003."
"Silic, Mario & Back, Andrea
 	(2014)
	Shadow IT - A view from behind the curtain.
	Computers & Security,
	45
	
	274-283.
	ISSN 0167-4048"
"Back, Andrea:
	Knowledge Networking: Von der Vision zum Business Case.
	Symposium ""Wenn Ihre Firma wüsste, was Ihre Firma weiss: Knowledge Management / Business Intelligence"".
	Pfäffikon,
	1 Januar 2000."
"Silic, Mario; Back, Andrea & Ruf, Christian:
	Mobile Contactless Payments Adoption Challenge in the Complex Network Actor Ecosystem.
	2014.
	- The 27th Bled eConference ""eEcosystems"".
	- Bled, Slovenia."
"Keller, Miriam; Leithner, Barbara; Schnoering, Katharina; Bursian, Olaf; Bendel, Oliver & Back, Andrea:
	Creating a Competency Model for Swissair and Sabena.
	,
	2002,
	BE HSG / IWI3 Nr. 24 (Internal Paper)."
"Friedel, Dominik & Back, Andrea:
	Das St. Galler Enterprise 2.0 Methodenset - Ein Ansatz zum organisatorischen Wandel.
	2012.
	- 14. KnowTech 2012.
	- Stuttgart."
"Sammer, Thomas; Vögeli, Sandro & Back, Andrea:
	Success and Failure: Two Longitudinal Case Studies on Media-Tablet Usage in CRM.
	2013.
	- 12th International Conference on Mobile Business (ICMB).
	- Berlin."
"Back, Andrea & Seufert, Andreas:
	State of the Art des Management Supports Teil 2: Neuere Management Support Ansätze.
	,
	1997,"
"Bendel, Oliver; Schnoering, Katharina & Back, Andrea:
	Potenziale pädagogischer Agenten.
	Reihe Arbeitsberichte des Learning Center der Universität St. Gallen,
	2002,
	1/2002."
"Back, Andrea:
	Habilitation: ""Beiträge der Daten-, Informations- und Wissensverarbeitung zur Weiterentwicklung des Internen Rechnungswesens und Controllings"".
	UniSG,
	Thesis,
	1993."
"Back, Andrea:
	e-Learning-Projekte: Neue Möglichkeiten durch vernetztes Lernen. Konzepte - Geschäftsmodelle - Erfahrungen.
	Leitung und Einführung Weiterbildungsseminar HSG.
	Zürich,
	28 September 2000."
"Sammer, Thomas; Lin, Dada; Back, Andrea & Schoenefeld, Frank:
	Erfolgsmessung zum Einsatz von Social Software im Softwareentwicklungsprozess am Beispiel der T-Systems Multimedia Solutions GmbH.
	2011.
	- 6. Konferenz Professionelles Wissensmanagement.
	- Innsbruck."
"Berghaus, Sabine & Back, Andrea:
	Rollen, Prozesse und Führung in der Digitalen Transformation: Ratgeber und Fallstudien zur Strategiearbeit für das digitale Zeitalter (Teil 2).
	
	T-Systems Multimedia Solutions GmbH,
	2016."
"Back, Andrea; Gronau, Norbert & Tochtermann, Klaus (Hrsg.) 
    	: 
	Web 2.0 in der Unternehmenspraxis: Grundlagen, Fallstudien und Trends zum Einsatz von Social Software.
	
	München :
	Oldenbourg,
	2008,
	
	- ISBN 3-486-58579-7."
"Ruf, Christian & Back, Andrea:
	How Can We Design Products, Services, and Software That Reflect the Needs of Our Stakeholders? : Towards a Canvas for Successful Requirements Engineering.
	2015.
	- 10th International Conference, DESRIST 2015.
	- Dublin, Clontarf."
"Back, Andrea:
	Einführung und Leitung 1. Block 2. Woche: ""Applikationen"", Groupware und Knowledge Management.
	Executive Study Program Master of Business Engineering, Universität St. Gallen.
	St. Gallen,
	5 Januar 1999."
"Silic, Mario & Back, Andrea
 	(2016)
	The dark side of social networking sites : Understanding phishing risks.
	Computers in Human Behavior,
	60
	
	35-43.
	ISSN 0747-5632"
"Back, Andrea:
	Impulsvortrag ""Persönliche Wissensarbeit"".
	SKMF-Herbstevent 2006.
	Merlischachen,
	14 September 2006."
"Back, Andrea:
	Towards a Framework for Business Model Design of Scientific Journals with Web 2.0 Principles.
	MCIS.
	Limassol, Cyprus,
	4 September 2011."
"Back, Andrea:
	Reifegrad-Modell und Methode zur Beurteilung des Vorbereitungsgrads von Organisationen für die Einführung von Kollaboration 2.0.
	12. KnowTech 2010.
	Bad Homburg,
	15 September 2010."
"Walter, Thomas & Back, Andrea:
	Web-Analyse-Dienste als Instrument des Blog-Monitoring.
	2010.
	- Multikonferenz Wirtschaftsinformatik (MKWI) 2010.
	- Göttingen."
"Link, Björn & Back, Andrea
 	(2015)
	Classifying systemic differences between Software as a Service- and On-Premise-Enterprise Resource Planning.
	Journal of Enterprise Information Management,
	28
	(6).
	808-837.
	ISSN 1741-0398"
"Back, Andrea:
	Corporate eLearning and Knowledge Management: Will convergence bridge the gaps?
	LoD Meeting.
	Zürich,
	16 Februar 2004."
"Back, Andrea & Leithner, Barbara
 	(2006)
	Beiträge des Balanced-Scorecard-Ansatzes zur strategischen Verankerung von E-Learning im Unternehmen.
	Zeitschrift für Betriebswirtschaft,
	
	(2).
	1-18."
"Mayrhofer, David; Back, Andrea & Hubschmid, Roger:
	Web-Conferencing Software Tools: Evaluierung der Marktführer.
	Mayrhofer, David; Back, Andrea; Hubschmid, Roger,
	2004,
	1/2004."
"Back, Andrea:
	Enterprise 2.0 - Digitale Transformation durch soziale Technologien.
    	In  
    	Hoffmann, Christian Pieter; Lennerts, Silke; Schmitz, Christian; Stölzle, Wolfgang & Uebernickel, Falk (Hrsg.): 
    	Business Innovation: Das St. Galler Modell. 
	Wiesbaden :
	Springer Fachmedien Wiesbaden,
	2016,
	S. 123-138."
"Back, Andrea
 	(1994)
	Prozesskostenrechnung.
	Bilanzbuchhalter,
	Vol. 18
	(6).
	121-123."
"Enkel, Ellen; Gibbert, Michael; Makarevitch, Alexei & Vassiliadis, Stefanos:
	Perspective for our partners: Boundaries of the firm.
	KnowledgeSource paper series,
	2001,
	Vol. 2. BE HSG/IWI 3 IfB No 30."
"Grüttner, Arne & Back, Andrea:
	Digital-Entrepreneurship-Werkstatt:
Ein Start-up Baukasten für das Klassenzimmer.
    In: bildung+ schule digital
    05/2020    
    (2020),
    
    S. 24-28."
"Back, Andrea:
	Enterprise Work 2.0: So arbeiten Profis im Netz ... und ich? Persönliche Standortbestimmung.
	Last Monday - Donna Informatica.
	Zürich,
	29 Juni 2009."
"Enkel, Ellen; Back, Andrea & Vonkrogh, Georg:
	Towards a Framework for Knowledge Networks for Growth - Results of an Action Research Study.
	2003.
	- Academy of Management Annual Meeting (AOM) 2003.
	- Seattle, USA."
"Back, Andrea:
	Aufbau einer massgeschneiderten IT-Architektur für das Wissensmanagement.
	2. Österreichischer Wissensmanagement-Kongress.
	Wien,
	1 März 2000."
"Enkel, Ellen; Raimann, Joerg; Seufert, Andreas; Vassiliadis, Stefanos; Wicki, Yvonne; Back, Andrea & von Krogh, G.:
	MERLIN - Materializing, Experiencing, Refining and Learning in Knowledge Networks.
	,
	2000,"
"Back, Andrea:
	Ich habe fertig - aus der Sicht der Mertens-Zauberlehrlinge (Laudatio, gehalten an der WISO in Nürnberg am 10. Januar 2006, Emeritierung Prof. Dr. Peter Mertens).
	,
	2006,"
"Hain, Stefanie & Back, Andrea
 	(2008)
	Personal Learning Journal - Course Design for Using Weblogs in Higher Education.
	Electronic Journal of e-Learning - EJEL,
	6
	(3).
	189-196.
	ISSN 1479-4403"
"Back, Andrea; Gronau, Norbert & Tochtermann, Klaus (Hrsg.) 
    	: 
	Web 2.0 in der Unternehmenspraxis : Grundlagen, Fallstudien und Trends zum Einsatz von Social Software (2., aktualisierte Auflage).
	
	München :
	Oldenbourg,
	2009,
	
	- ISBN 978-3-486-59121-7."
"Guggisberg, Vanessa & Back, Andrea:
	Exploring Innovation Practices for B2E Initiatives in the Digital Age.
	2018.
	- Multikonferenz Wirtschaftsinformatik 2018.
	- Lüneburg."
"Friedel, Dominik; Back, Andrea & Wieland, Ralf:
	Wie weit und bereit sind Unternehmen mit Enterprise 2.0 - Ergebnisse einer Reifegradstudie im deutschsprachigen Raum.
	2011.
	- 13. KnowTech 2011.
	- Bad Homburg."
"Mayrhofer, David & Back, Andrea:
	Classification of IS Functionalities for Workplace E-Collaboration.
	2004.
	- 14th Information Resource Management Association International Conference (IRMA).
	- Philadelphia, PA."
"Vassiliadis, Stefanos; Gysin, Karl; Seufert, Andreas; Back, Andrea & von Krogh, G.:
	Dealing with Knowledge Assets.
	,
	1999,"
"Back, Andrea:
	Arbeitsplatz der Zukunft, Innovationsvortrag.
	Bereichstag Regionalvertrieb der Datev e.G..
	Nürnberg,
	28 Oktober 2010."
"Hain, Stefanie & Back, Andrea:
	Learning Journal - Weblogs in Academic Courses.
	2008.
	- 3rd International Conference on e-Learning.
	- Cape Town."
"Back, Andrea:
	Der rechte Umgang mit Stakeholdern.
	SCIL Congress.
	St. Gallen,
	8 Oktober 2003."
"Back, Andrea:
	Lerneffektivität im Licht der Geschäftsziele: HR-Balanced Scorecard.
	Learntec 2004.
	Karlsruhe,
	11 Februar 2004."
"Marheine, Christian; Gruber, Lukas & Back, Andrea
 	(2019)
	Innovation durch den Einsatz von Enterprise
IoT-Lösungen: Ein Modell zur Bestimmung des
Innovationspotenzials.
	HMD Praxis der Wirtschaftsinformatik,
	56
	(6).
	1126-1143.
	ISSN 1436-3011"
"Back, Andrea:
	Vom Kursprojekt zum Reengineering der Bildungsprozesse.
    	In  
    	Zinke, Gert & Haertel, Michael (Hrsg.): 
    	E-Learning: Qualität und Nutzerakzeptanz sichern : Beiträge zur Planung, Umsetzung und Evaluation multimedialer und netzgestützter Anwendungen. 
	Bielefeld :
	Bertelsmann,
	2004,
	S. 95-104."
"Back, Andrea:
	Do LMS have a Future? A conversation between criticism and defence of today's LMS.
	Eduhub days 2011.
	Lugano,
	23 März 2011."
"Seidel, Gunter & Back, Andrea:
	Critical Success Factors of Global Enterprise Resource Planning Programmes: An Empirical Model Based on Expert Interviews.
	2011.
	- 19th European Conference on Information Systems (ECIS) 2011.
	- Helsinki, Finland."
"Back, Andrea:
	Learning Communities im Inter-/Intranet.
	Eröffnungsfeier HAAS & PARTNER, Glattzentrum.
	Zürich,
	12 November 1998."
"Back, Andrea:
	Enterprise 2.0 für das Management.
	EMBE-Modul 9.
	St. Gallen,
	23 Mai 2011."
"Ruf, Christian; Back, Andrea; Bergmann, Richard & Schlegel, Michael:
	Elicitation of Requirements for the Design of Mobile Financial Advisory Services - Instantiation and Validation of the Requirement Data Model with a Multi-method Approach.
	2015.
	- 48th Hawaiin International Conference on System Sciences (HICSS).
	- Kauai, Hawaii."
"Back, Andrea
 	(1995)
	Interview mit Mark C. Turrell: ""Groupware should be widely deployed"".
	Informatik/Informatique,
	
	(6).
	29-30."
"Seufert, Sabine; Back, Andrea & Häusler, Martin
    	 
    	: 
	E-Learning: Weiterbildung im Internet.
	
	Kilchberg :
	SmartBooks,
	2001,
	
	- ISBN 3-908490-53-7."
"Back, Andrea:
	Open (e-)Cooperation - Ein Erfahrungsbericht zu Formen der Zusammenarbeit von Hochschullehre und Unternehmenspraxis.
	2010.
	- GML2 2010.
	- Berlin."
"Back, Andrea
 	(2003)
	Im virtuellen Klassenraum interaktiv arbeiten.
	bulletin,
	
	(4).
	37-39."
"Back, Andrea:
	Das interne Geschäftsmodell für betriebliche Bildung - Herausforderungen und Entwicklungstendenzen.
	6. CCEC-Workshop ""Geschäftsmodelle im E-Learning"".
	Bochum,
	29 Juni 2005."
"Back, Andrea; Gronau, Norbert & Tochtermann, Klaus (Hrsg.) 
    	: 
	Web 2.0 und Social Media in der Unternehmenspraxis : Grundlagen, Anwendungen und Methoden mit zahlreichen Fallstudien.
	3., vollständig überarbeitete Auflage.
	München :
	Oldenbourg,
	2012,
	
	- ISBN 978-3-486-59832-2."
"Rumyantseva, Maria; Enkel, Ellen & Gurgul, Grzegorz:
	Perspectives for our partners. Innovation and the network option.
	KnowledgeSource paper series,
	2002,
	Vol.6.BE HSG/IWI 3/IfB HSG No. 36."
"Back, Andrea
 	(2009)
	Veni - VIDEO - Vici: Videobasiertes eLearning auf dem Siegeszug 2.0.
	Jahrbuch eLearning & Wissensmanagement 2009/2010, eLearning Quo vadis?,
	
	
	44-49."
"Back, Andrea:
	E-Learning quo vadis? Innovationsrichtungen veranschaulicht am St. Galler E-Learning Referenzmodell.
	Media Design Center der TU Dresden.
	Dresden,
	13 Mai 2004."
"Sammer, Thomas; Brechbühl, Hans & Back, Andrea:
	The New Enterprise Mobility: Seizing the Opportunities and Challenges in Corporate Mobile IT.
	2013.
	- 19th Americas Conference on Information Systems (AMCIS 2013).
	- Chicago, IL."
"Back, Andrea:
	Produktivität von Wissensarbeit 2.0: Traumhaft oder traumatisch.
	LEARNTEC.
	Karlsruhe,
	3 Februar 2009."
"Silic, Mario; Back, Andrea & Sammer, Thomas:
	Employee acceptance and use of unified communications and collaboration in a cross-cultural environment.
    	In  
    	 
    	Remote work and collaboration : breakthroughs in research and practice. 
	Hershey PA :
	IGI Global,
	2017,
	S. 1-22."
"Josef, Barbara & Back, Andrea:
	Coworking as a New Innovation Scenario from the Perspective of Mature Organisations.
	2018."
"Sammer, Thomas; Back, Andrea & Walter, Thomas
    	 
    	: 
	Mobile Business : Management von mobiler IT in Unternehmen.
	
	Zürich :
	buch & netz,
	2014,
	
	- ISBN 978-3-03805-029-2."
"Friedel, Dominik & Back, Andrea:
	Das St. Galler Enterprise-2.0-Methodenset - Ein Ansatz zum organisatorischen Wandel.
    	In  
    	Back, Andrea; Gronau, Norbert & Tochtermann, Klaus (Hrsg.): 
    	Web 2.0 und Social Media in der Unternehmenspraxis : Grundlagen, Anwendungen und Methoden mit zahlreichen Fallstudien. 
	München :
	Oldenbourg,
	2012,
	S. 108-115."
"Friedel, Dominik & Back, Andrea:
	Determination of Enterprise 2.0 Development Levels with a Maturity Model.
	2012.
	- IADIS Multi Conference on Computer Science and Information Systems (MCCSIS 2012).
	- Lisbon."
"Berghaus, Sabine & Back, Andrea
 	(2016)
	Gestaltungsbereiche der Digitalen Transformation von Unternehmen: Entwicklung eines Reifegradmodells.
	Die Unternehmung,
	70
	(2).
	98-123.
	ISSN 0042-059X"
"Back, Andrea:
	eLearning 2.0: Web-Architekturen des Mitwirkens laden Sie ein.
	eLearning an der LFUI - Rückblick und Ausblick.
	Innsbruck,
	28 September 2006."
"van Wegen, B.; Makarevitch, Alexei; Kayser, T. & Enkel, Ellen:
	Fostering New Ventures: Organisational conditions for New Ventures in Unilever.
	KnowledgeSource internal paper series,
	2001,
	BE HSG/IWI3 IfB No 32."
"Rumyantseva, Maria; Enkel, Ellen & Pos, A.:
	Supporting Growth through Innovation Networks in Unilever.
    	In  
    	Back, Andrea; Enkel, Ellen & Vonkrogh, Georg (Hrsg.): 
    	Knowledge Networks for Business Growth. 
	Berlin :
	Springer,
	2007,
	S. 77-97."
"Berghaus, Sabine & Back, Andrea:
	Stages in Digital Business Transformation: Results of an Empirical Maturity Study.
	2016.
	- 10th Mediterranean Conference on Information Systems (MCIS 2016).
	- Paphos, Cyprus."
"Back, Andrea:
	The Emergence and Impact of Web 2.0.
	Focus on social media.
	Europäisches Patentamt, München,
	3 März 2009."
"Back, Andrea:
	Reifegradmodelle im Management von Enterprise 2.0.
	2010.
	- 12. KnowTech 2010.
	- Bad Homburg."
"Bendel, Oliver; Leithner, Barbara; Keller, Miriam & Back, Andrea:
	Lernen im Medienverbund: Nachhaltigkeit von Aus- und Weiterbildung der Polizei BaWü.
	Arbeitsberichte des Learning Center der Universität St. Gallen,
	2003,
	2/2003."
"Back, Andrea:
	E-Learning im Unternehmen.
    	In  
    	Kurbel, Karl; Gronau, Norbert; Becker, Joerg; Sinz, Elmar & Suhl, Leena (Hrsg.): 
    	Enzyklopädie der Wirtschaftsinformatik : Online-Lexikon. 
	München :
	Oldenbourg,
	2008,
	S. online."
"Back, Andrea:
	Weblogs und Wikis in der Hochschullehre: ein Erfahrungsbericht.
	Gastvortrag an der Pädagogischen Hochschule.
	Weingarten,
	13 July 2006."
"Sammer, Thomas; Back, Andrea & Bessing, Stefan:
	Mobile Business 2013 : Der Einfluss von Second Generation Enterprise Mobility auf die Value Chain von Unternehmen.
	
	T-Systems Multimedia Solutions GmbH,
	2013."
"Silic, Mario & Back, Andrea:
	Impact of Gamification on User’s Knowledge-Sharing Practices:Relationships between Work Motivation, Performance Expectancy and Work Engagement.
	2017.
	- 50th Hawaii International Conference on Sciences (HICSS).
	- Waikoloa, Hawaii."
"Back, Andrea
 	(1994)
	Ein Modell zur Kalkulation der Kosten je Absolvent.
	ZfB-Sonderheft,
	
	(64).
	297-310."
"Back, Andrea:
	Erfolgreiche E-Learning-Anwendungsfelder - jetzt und in der Zukunft.
	LERNET-Konferenz.
	Berlin,
	2 Dezember 2003."
"Back, Andrea:
	Insights from taking a business engineering perspective on corporate eLearning.
	Guide Executive Club.
	Rome,
	1 Oktober 2003."
"Mayrhofer, David & Back, Andrea:
	Workplace e-Collaboration in Practice: Practical Guidelines for Implementing e-Collaboration in Organizations.
    	In  
    	Fong, Michelle W.L. (Hrsg.): 
    	E-Collaborations and Virtual Organizations. 
	Hershey, PA :
	IRM Press,
	2004,
	S. 29-60."
"Back, Andrea:
	Management Informationssysteme.
    	In  
    	 
    	Controlling Lexikon. 
	München et al. :
	Oldenbourg,
	1996,"
"Silic, Mario; Back, Andrea & Silic, Dario
 	(2015)
	Email: from hero to zero - the beginning of the end?
	Journal of Information Technology Teaching Cases,
	5
	(2).
	84-91."
"Marheine, Christian; Pauli, Tobias; Marx, Emanuel; Back, Andrea & Matzner, Martin:
	From Suppliers to Complementors: Motivational Factors for Joining Industrial Internet of Things Platform Ecosystems.
	2021."
"Back, Andrea:
	Podiumsdiskussion ""Deutschland - Entwicklerstandort oder Entwicklungsland?"", geleitet von Dr. H.-H. Kappel; weitere Mitwirkende Prof. Dr. H.-L. Grob, Prof. Dr. M. Zitterbart, F. Milius, Armin Hopp.
	Learntec.
	Karlsruhe,
	7 Februar 2002."
"Heidecke, Florian & Back, Andrea:
	Newsaggregatoren-Software - ein Marktüberblick.
	Arbeitsberichte des Learning Center der Universität St. Gallen,
	2007,
	1/2007."
"Back, Andrea:
	Return on E-Learning Investment.
	3. E-Learning Tagung der Medizinischen Fakultät der Universität Zürich.
	Zürich,
	4 März 2005."
"Haentschel-erhart, Irene:
	Podcasting.
    	In  
    	Back, Andrea; Gronau, Norbert & Tochtermann, Klaus (Hrsg.): 
    	Web 2.0 in der Unternehmenspraxis : Grundlagen, Fallstudien und Trends zum Einsatz von Social Software. 
	München :
	Oldenbourg,
	2008,
	S. 51-56."
"Back, Andrea:
	Stossrichtungen für Kundenbeziehungen in Web-2.0-Kultur.
	7. IT-Anlass Helsana.
	Dübendorf,
	20 November 2009."
"Enkel, Ellen; Gurgul, Grzegorz & Rumyantseva, Maria:
	A methodology for adapting Knowledge Networks - managerial guidelines.
    	In  
    	Vonkrogh, Georg; Back, Andrea & Enkel, Ellen (Hrsg.): 
    	Knowledge Networks for Business Growth. 
	Berlin :
	Springer,
	2007,
	S. 99-163."
"Seufert, Andreas; Back, Andrea & von Krogh, G.:
	Towards a Reference Model for Knowledge Networking.
	,
	1999,"
"Back, Andrea:
	Wissensnetzwerke in Unternehmen - mit Technik und Pragmatismus zum Erfolg.
	Learntec 07.
	Karlsruhe,
	15 Februar 2007."
"Mayrhofer, David; Heilmeier, Peter; Nirankari, Ravi & Back, Andrea:
	Knowledge Management in Challenging Settings - A Case of Military Aircraft.
	2005.
	- 5th International Conference on Knowledge Management and Knowledge Technologies (I-KNOW).
	- Graz."
"Bendel, Oliver; Bursian, Olaf; Oberlin, Karin; Keller, Miriam; Leithner, Barbara & Back, Andrea:
	Qualitative und ökonomische Potenziale der Einführung eines LMS in der Credit Suisse.
	Reihe Arbeitsberichte des Learning Center der Universität St. Gallen,
	2001,
	2/2001."
"Back, Andrea:
	Ich bin drin - im Web 2.0! Meine Arbeitspraxis 2.0.
	Tag der Informatik an der Christian-Albrechts-Universität Kiel.
	Kiel,
	2 Dezember 2011."
"Back, Andrea:
	Technologie und Mensch im Wissensmanagement.
	2. Österreichischer Wissensmanagement-Kongress.
	Wien,
	21 März 2000."
"Grüttner, Arne; Wambsganss, Thiemo & Back, Andrea
 	(2020)
	From Data to Dollar – Using the Wisdom of an Online Tipster Community to Improve Sports Betting Returns.
	
	European Journal of International Management (EJIM) - Special Issue on: ""International Sports Management"""
"Friedel, Dominik & Back, Andrea:
	Bestimmung des Enterprise-2.0-Entwicklungsstands mit einem Reifegradmodell.
    	In  
    	Back, Andrea; Gronau, Norbert & Tochtermann, Klaus (Hrsg.): 
    	Web 2.0 und Social Media in der Unternehmenspraxis : Grundlagen, Anwendungen und Methoden mit zahlreichen Fallstudien. 
	München :
	Oldenbourg,
	2012,
	S. 102-108."
"Back, Andrea:
	Kooperatives Lernen im Internet.
	Leitung Weiterbildungsseminar HSG.
	St. Gallen,
	1 September 1999."
"Ruf, Christian; Back, Andrea & Wittmann, Matthias:
	Is an App Better than an Email? Developing Trust in a Mobile Financial Advisory Service : Design and Evaluation of a Prototype.
	2015.
	- 12. Internationale Tagung Wirtschaftsinformatik (WI 2015) : Smart Enterprise  Engineering.
	- Osnabrück, Germany."
"Back, Andrea:
	e-Learning-Projekte: Lernen via e-Training und e-Collaboration.
	Leitung und Einführung Weiterbildungsseminar HSG.
	Zürich,
	25 September 2001."
"Back, Andrea:
	Zeit für kreative Verdrängung des Althergebrachten im betrieblichen E-Learning: Disruptive Innovation.
	Swiss eEducation Forum, info society days 2009.
	Bern,
	2 März 2009."
"Back, Andrea:
	Online-Video im E-Learning von Unternehmen - Bedeutung, Fallbeispiele, Didaktik, Produktion sowie Distribution mit Social Media.
	Fachseminar.
	BallyLab, Schönenwerd,
	12 August 2010."
"Back, Andrea
 	(1995)
	Entwicklungen im Markt und in Anwendungsfeldern von Groupware.
	Informatik/Informatique,
	Vol. 2
	(6).
	4-7."
"Köhne, M.; Enkel, Ellen & Ulrich, C.:
	Developmental aspects and supportive factors in Knowledge Networks.
    	In  
    	Back, Andrea; Vonkrogh, Georg; Seufert, Andreas & Enkel, Ellen (Hrsg.): 
    	Getting real about Knowledge Networks: unlocking corporate knowledge assets. 
	Basingstoke :
	Palgrave Macmillan,
	2006,
	S. 148-169."
"Back, Andrea & Haager, Christoph:
	Assessing Degrees of Web-2.0-ness: Model and Results for Product Websites in the Pharma-Industry.
	24th Bled eConference.
	Bled,
	14 Juni 2011."
"Back, Andrea:
	Silo-Breaking through Open (e-)Cooperation - Zusammenarbeit von Hochschullehre und Unternehmenspraxis.
	GML 2010.
	Berlin,
	11 März 2010."
"Silic, Mario & Back, Andrea
 	(2017)
	Open Source Software Adoption: Lessons from Linux in Munich.
	IT Professional,
	19
	(1).
	42-47.
	ISSN 1520-9202"
"Back, Andrea:
	Neue Aspekte des Informationsmanagements.
	Neue Aspekte des Informationsmanagements, Workshop Wissensmanagement: Wege in die Wissensgesellschaft.
	München,
	9 November 2000."
"Back, Andrea:
	Web-Video zur Wissenskommunikation.
	OpenSpace an der Swiss eLearning Conference.
	Zürich,
	13 April 2010."
"Back, Andrea
 	(1997)
	Der Kollaborateur aus der Kiste: Groupware, Interview.
	Handleszeitung,
	Vol. 136
	(47).
	21."
"Enkel, Ellen:
	Outlook: Beyond organizational boundaries - Knowledge Networks for Growth.
    	In  
    	Back, Andrea; Vonkrogh, Georg; Seufert, Andreas & Enkel, Ellen (Hrsg.): 
    	Getting real about knowledge networks : unlocking corporate knowledge assets. 
	Basingstoke :
	Palgrave,
	2006,
	S. 221-239."
"Back, Andrea:
	E-Learning industry updates & recommendations.
	Global Cumputer Training Services Conference.
	Buonas,
	24 März 2004."
"Seidel, Gunter & Back, Andrea:
	Success Factor Validation for Global ERP Programmes.
	2009.
	- 17th European Conference on Information Systems (ECIS) 2009.
	- Verona."
"Back, Andrea & Seufert, Andreas:
	The Knowledge Creation Company: Strategisches Management & IKT.
	Seminar Wissensmanagement: Technologische Potentiale, organisatorische Anforderungen und Erfahrungen.
	Zürich,
	16 April 1998."
"Back, Andrea:
	e-Welt: Wissensmanagement.
	SKU Fokus Seminare: Elemente der ganzheitlichen Unternehmensführung.
	Brunnen,
	3 Oktober 2001."
"Back, Andrea:
	Was kann die Hochschule aus der Unternehmenspraxis lernen? (per Videokonferenz).
	76. BundesDekaneKonferenz.
	Jena,
	23 Oktober 2009."
"Back, Andrea:
	Wissensmanagement.
	Kernprogramm Information Management, EMBA an der Universität Zürich.
	Zürich,
	13 März 2002."
"Back, Andrea:
	Bloggen und Microblogging in Lehrveranstaltungen : Variationen aus sieben Jahren eigener Lehrpraxis.
    	In  
    	Reinmann, Gabi; Ebner, Martin & Schön, Sandra (Hrsg.): 
    	Hochschuldidaktik im Zeichen von Heterogenität und Vielfalt : Doppelfestschrift für Peter Baumgartner und Rolf Schulmeister. 
	Norderstedt :
	Books on Demand,
	2013,
	S. 151-164."
"Back, Andrea
 	(2011)
	Stille Revolution im Workplace Learning.
	HR Today Special ""Personal Swiss 2011"",
	
	(1).
	41-42."
"Back, Andrea & Heidecke, Florian:
	Produktivität von Wissensarbeitern.
    	In  
    	Back, Andrea; Gronau, Norbert & Tochtermann, Klaus (Hrsg.): 
    	Web 2.0 in der Unternehmenspraxis : Grundlagen, Fallstudien und Trends zum Einsatz von Social Software. 
	München :
	Oldenbourg,
	2008,
	S. 99-112."
"Back, Andrea:
	Virtual Reality.
    	In  
    	Mertens, Peter & Back, Andrea (Hrsg.): 
    	Lexikon der Wirtschaftsinformatik. 
	Berlin :
	Springer,
	2001,
	S. 492-494."
"Knuchel, Thomas; Kuntner, Tobias; Pataki, Eva Carolina & Back, Andrea
 	(2011)
	2D-Codes - Technologie und Anwendungsbereiche.
	Wirtschaftsinformatik,
	53
	(1).
	49-52.
	ISSN 0937-6429"
"Raimann, Joerg; Enkel, Ellen; Seufert, Andreas; Back, Andrea & von Krogh, G.:
	Supporting Business Processes through Knowledge Management - A Technology-based Analysis.
	,
	2000,"
"Back, Andrea & Henestrosa, Alexandra
 	(2012)
	Nutzerpräferenzen für Funktionen mobiler Lernanwendungen in der betrieblichen Bildung.
	Zeitschrift für E-Learning : Lernkultur und Bildungstechnologie,
	7
	(4).
	7-20.
	ISSN 1992-9579"
"Back, Andrea:
	Open Educational Resources in der Web-2.0 Bewegung: Facetten der Freiheit, zu Lehr-/Lernmaterialien beizutragen und diese zu nutzen.
	Swiss Forum for Educational Media (SFEM 2007).
	Bern,
	15 November 2007."
"Silic, Mario; Back, Andrea & Silic, Dario:
	Atos - Towards Zero Email Company.
	2015.
	- 23rd European Conference on Information Systems (ECIS) 2015.
	- Münster."
"Back, Andrea
 	(2010)
	E-Learning zunächst ganz pragmatisch als Kundenservice.
	Zeitschrift für E-Learning : Lernkultur und Bildungstechnologie,
	5
	(2).
	20-24.
	ISSN 1992-9579"
"Raimann, Joerg; Koehne, Marija; Seufert, Andreas; Back, Andrea & von Krogh, G.:
	Knowledge Networks - A Tools Perspective.
	,
	2000,"
"Back, Andrea & Keller, Miriam:
	Gestaltung eines Blended-Learning-Szenarios vor dem Hintergrund der Unterstützung einer neuen Lernkultur in Unternehmen.
    	In  
    	Blum, Ulrich; Eckstein, Andrea & Eckstein, Andreas (Hrsg.): 
    	Wirtschaftsinformatik im Fokus der modernen Wissensökonomik: Netzwerkökonomie und Electronic Business, Electronic Learning, Systementwicklung und Modellierung; Festschrift für Prof.Dr.Dr.h.c. Wolfgang Uhr. 
	Dresden :
	TUDpress,
	2007,
	S. 227-243."
"Back, Andrea:
	Strategische Ausrichtung von E-Learning.
	KMU-Wissen: Weiterbildung Online.
	Kassel,
	1 Oktober 2003."
"Back, Andrea; Vonkrogh, Georg & Enkel, Ellen
 	(2007)
	The CC Model as Organizational Design Striving to Combine Relevance and Rigor.
	Systemic Practice and Action Research,
	20
	(1).
	91-103.
	ISSN 1094-429X"
"Back, Andrea; Kramhoeller, S. & Seufert, Sabine
 	(1998)
	Technology enabled Management Education - Die Lernumgebung MBE Genius im Bereich Executive Study an der Universität St. Gallen.
	iomanagement,
	Vol. 21
	(3).
	36-42."
"Enkel, Ellen; Gibbert, Michael; Makarevitch, Alexei & Vassiliadis, Stefanos:
	Perspective for our partners: Innovation, Knowledge creation, Customer Integration and Launching new Ventures.
	KnowledgeSource paper series,
	2001,
	Vol. 01. BE HSG/IWI 3 IfB No 29."
"Sammer, Thomas; Camichel, Fabio Armon & Back, Andrea:
	Integrating the Smartphone : Applying the U-Constructs Approach on the Case of Mobile University Services.
	2011.
	- 6th Mediterranean Conference on Information Systems (MCIS 2011).
	- Limassol, Cyprus."
"Peter, Lukas; Back, Andrea & Werro, Tina
 	(2019)
	Conceptual framework for collaborative open innovation with a startup ecosystem.
	Innovation in the Digital Economy,
	11
	(1).
	
	ISSN 1947-8305"
"Back, Andrea:
	Tablet Books: Your Courses' Material in Harry Potter Newspaper Style.
	eduhub days 2012 - Learning Café Lungo.
	Murten,
	3 April 2012."
"Back, Andrea & Toedtli, Maria Camilla:
	Narrative Hypervideos: Methodenentwurf zur Nutzung usergenerierter Videos in der Wissenskommunikation.
	2012.
	- Jahrestagung der Gesellschaft für Medien in der Wissenschaft (GMW).
	- Wien."
"Back, Andrea:
	Vom Wissensmanagement zum Wissensnetzwerk.
	Kongress ""lernlandschaften"".
	Freiburg,
	1 Oktober 2003."
"Back, Andrea & Schacker, Maximilian:
	Digital Transformation Compass – A Guide to Management Methods and Tools in Digital Transformation Initiatives (Proposal of Future Work).
	2019.
	- Organizing in the Era of Digital Technology.
	- Monte Verità, Switzerland."
"Back, Andrea:
	Hürden gibt es nur im Kopf - Schweizer Unternehmen mit Vorsprung auf dem Weg zur Enterprise 2.0.
	Swiss eEconomy Forum.
	Bern,
	5 März 2012."
"Back, Andrea:
	E-Learning als Wachstumsmarkt: Zahlen, Fakten und Beispiele.
	Pressekonferenz ""Preisrutsch ebnet E-Learning den Weg"".
	Düsseldorf,
	2 November 2000."
"Sammer, Thomas & Walter, Thomas:
	Das mobile Web 2.0 im Unternehmen.
    	In  
    	Back, Andrea; Gronau, Norbert & Tochtermann, Klaus (Hrsg.): 
    	Web 2.0 und Social Media in der Unternehmenspraxis : Grundlagen, Anwendungen und Methoden mit zahlreichen Fallstudien. 
	München :
	Oldenbourg,
	2012,
	S. 91-100."
"Mayrhofer, David & Back, Andrea
 	(2003)
	E-Meetings in Europa: State-of-the-art und Zukunftstrends.
	Bulletin,
	
	(5).
	36-37."
"Back, Andrea:
	Inter-, trans- und multidisziplinär – Eine essayistische Annäherung mit Blick auf die Wirtschaftsinformatik.
    	In  
    	Brenner, Walter & Hess, Thomas (Hrsg.): 
    	Wirtschaftsinformatik in Wissenschaft und Praxis : Festschrift für Hubert Österle. 
	Berlin, Heidelberg :
	Springer Berlin Heidelberg,
	2014,
	S. 3-13."
"Back, Andrea:
	Teamarbeit 2.0: Global - zeitgemäss - kompetent.
	DATEV-Kongress 2012.
	Nürnberg,
	20 July 2012."
"Ruf, Christian & Back, Andrea:
	Design Requirements for Collaboration Processes to Increase Customer Trust in Mobile Banking Platforms.
	2014.
	- The 27th Bled eConference ""eEcosystems"".
	- Bled, Slovenia."
"Sammer, Thomas & Back, Andrea:
	Towards Microblogging Success Factors : An Empirical Survey on Twitter Usage of Austrian Universities.
	2011.
	- 6th Mediterranean Conference on Information Systems (MCIS 2011).
	- Limassol, Cyprus."
"Back, Andrea:
	eLearning als Herausforderung für die Personal- und Organisationsentwicklung.
	Symposium ""eLearning für Finanzdienstleister"".
	Stuttgart,
	17 July 2001."
"Back, Andrea & Grabher, K.
 	(1995)
	Groupware-Applikationen an der Universität St. Gallen.
	Informatik/Informatique,
	Vol. 2
	(6).
	26-28."
"Berghaus, Sabine & Back, Andrea:
	Adoption of Mobile Business Solutions and its Impact on Organizational Stakeholders.
	2014.
	- The 27th Bled eConference ""eEcosystems"".
	- Bled, Slovenia."
"Bendel, Oliver; Stoller-Schai, Daniel; Mergel, Ines & Back, Andrea:
	Dialogplattform Knowledge Management der Deutschen Bank AG (Internal Paper).
	,
	2000,
	BE HSG / IWI3 Nr. 12."
"Raimann, Joerg & Back, Andrea
 	(2002)
	Informations- und Kommunikationsdienste für Wissensnetzwerke.
	wisu das wirtschaftsstudium,
	
	(Nr 5/02).
	698-706."
"Back, Andrea:
	Enterprise Work 2.0: So arbeiten Profis im Netz - und ich?
	Donna Informatica - Last Monday.
	Zürich,
	29 July 2009."
"Back, Andrea & Seufert, Andreas
 	(2000)
	Computer Supported Cooperative Work (CSCW) - State-of-the-Art und zukünftige Herausforderungen.
	HMD - Praxis der Wirtschaftsinformatik,
	37
	(213).
	5-22.
	ISSN 1436-3011"
"Back, Andrea:
	Von einer, die auszog, in der Cloud zu arbeiten: Ein Erfahrungsbericht ….
	ASUT Seminar.
	Bern,
	9 Juni 2011."
"Back, Andrea
 	(1998)
	Universitäre Ausbildung anno 2005.
	Thexis-Sonderheft Management Szenarien 2005,
	Vol. 15
	(2).
	10-11."
"Back, Andrea:
	High-Tech Teaching in a Semi-Virtual CEMS Course: Experiences with Collaborative Learning in Action.
	Forum sur l'enseignement de la gestion et les nouvelle technologies de la communication et de l'information.
	Louvain (Belgien),
	18 Mai 2000."
"Back, Andrea:
	Die Welt wird digital.
    In: DATEV magazin
        
    (2016),
    07/16,
    S. 8-10."
"Back, Andrea:
	Trend-Landkarte: Unternehmen im Informationszeitalter, Groupware-Tutorial1.
	Blockwoche Informationsmanagement Intensivstudium KMU.
	St. Gallen,
	14 September 1999."
"Back, Andrea; Thoma, Sereina & Guggisberg, Vanessa
 	(2018)
	Management von digitalen Innovationen: Hat das Innovationstrichtermodell ausgedient?
	Wirtschaftsinformatik & Management : WuM,
	10
	(2).
	24-35.
	ISSN 1867-5905"
"Back, Andrea & Seufert, Andreas
 	(1996)
	Teamorientierung im Management - Management Support goes Groupware. 4 Workshop des GI-Arbeitskreises 5.5.2 Management Support Systems (MSS).
	Wirtschaftsinformatik,
	Vol. 38
	(6).
	650-651."
"Back, Andrea & Weiser, Christian:
	Telelernen.
    	In  
    	 
    	Lexikon der Wirtschaftsinformatik. 
	Berlin et al. :
	Springer,
	1997,
	S. 404-405."
"Back, Andrea & Haentschel-erhart, Irene:
	Praxisberichte aus dem Competence Network Business 2.0.
	Seminar ""Weblogs, Wikis, Podcasts & Co. - Wissenstransfer der nächsten Generation"".
	Berlin,
	25 Oktober 2007."
"Zollet, Roman & Back, Andrea:
	Website Usability for Internet Banking.
	2010.
	- 23rd Bled eConference ""eTrust: Implications for the Individual, Enterprises and Society"".
	- Bled, Slovenia."
"Enkel, Ellen & Back, Andrea:
	Wissensnetzwerke: Das neue Instrument für die Förderung von Wissensaustausch und Wissensentwicklung im Unternehmen.
    	In  
    	Bleicher, Knut & Berthel, Jürgen (Hrsg.): 
    	Auf dem Weg in die Wissensgesellschaft : veränderte Strukturen, Kulturen und Strategien. 
	Frankfurt a.M. :
	Frankfurter Allg. Buch,
	2002,
	S. 149-169."
"Back, Andrea
 	(1994)
	Aspekte zur Implementierung und Nutzung einer Prozesskostenrechnung. Rubrik Meinungsspiegel.
	Kostenrechnungspraxis-Sonderheft,
	
	(1).
	12-13."
"Silic, Mario & Back, Andrea:
	Atos: Towards Zero Email Company.
	
	The Case Centre (UK),
	2015."
"Heidecke, Florian & Back, Andrea
 	(2009)
	A Reference Model for E-Collaboration within the Dispersed Sales Force Training Process in Multinational Companies.
	International Journal of e-Collaboration,
	5
	(1).
	32-46.
	ISSN 1548-3673"
"Back, Andrea; Bendel, Oliver & Stoller-Schai, Daniel
    	 
    	: 
	E-Learning: Ein Wörterbuch.
	
	Kappelrodeck :
	Achertäler Verlag,
	2002,
	
	- ISBN 3-930360-11-X."
"Grüttner, Arne; Braschler, Thomas & Back, Andrea
 	(2020)
	Konfrontiert mit einer Flut von Kooperations_anfragen: So meistern Sportorganisationen die systematische Analyse und Bearbeitung.
	Wirtschaftsinformatik & Management,
	12(5)
	(October).
	342-355."
"Back, Andrea
 	(1998)
	Szenario Bildungslandschaft 2005.
	Informatik/Informatique,
	Vol. 5
	(6).
	27-29."
"Grüttner, Arne; Vitisvorakarn, Min; Wambsganss, Thiemo; Rietsche, Roman & Back, Andrea:
	The New Window to Athlete’s Soul – What Social Media Tells Us About Athletes’ Performances.
	2020.
	- Hawaii International Conference on System Sciences (HICSS).
	- Maui, Hawaii, USA."
"Back, Andrea:
	Videobasiertes Workplace Learning - Auf dem Siegeszug 2.0.
	Swiss eLearning Conference.
	Zürich,
	6 April 2011."
"Ruf, Christian; Back, Andrea & Burkhardt, Marc:
	Mobile First auch in Beratungsprozessen des Private Banking? Entwicklung und Validierung einer iPad-Applikation.
    	In  
    	Nissen, Volker; Stelzer, Dirk; Straßburger, Steffen & Fischer, Daniel (Hrsg.): 
    	Multikonferenz Wirtschaftsinformatik (MKWI) 2016. 
	Ilmenau :
	Universitätsverlag Ilmenau,
	2016,
	S. 955-966."
"Back, Andrea; Fuellemann, Peter & Jastrowski, Wolfgang:
	Projektmanagement bei verteilten Teams mit Jive-Gruppen im Swiss Re Ourspace.
    	In  
    	Back, Andrea; Gronau, Norbert & Tochtermann, Klaus (Hrsg.): 
    	Web 2.0 und Social Media in der Unternehmenspraxis : Grundlagen, Anwendungen und Methoden mit zahlreichen Fallstudien. 
	München :
	Oldenbourg,
	2012,
	S. 293-301."
"Schoenenberg, Robin & Back, Andrea:
	Einsatzmöglichkeiten von Virtual Private Workspace.
	2012.
	- Multikonferenz der Wirtschaftsinformatik (MKWI) 2012.
	- Braunschweig."
"Silic, Mario & Back, Andrea:
	Information Security and Open Source Dual Use Security Software: Trust Paradox.
	2013.
	- 9th IFIP WG 2.13 International Conference, OSS 2013.
	- Koper-Capodistria, Slovenia."
"Back, Andrea:
	E-Learning und Wissensmanagement zusammenführen.
    	In  
    	Hohenstein, Andreas & Wilbers, Karl (Hrsg.): 
    	Handbuch E-Learning: Expertenwissen aus Wissenschaft und Praxis. 
	Köln :
	Dt. Wirtschaftsdienst,
	2002,"
"Back, Andrea:
	Social Media Update: Objectives and Trends.
	International Key Account Manager Workshop, Bayer Business Services.
	Leverkusen,
	25 Oktober 2010."
"Heidecke, Florian; Mayrhofer, David; Back, Andrea & Schiesser, Andreas:
	Current State Analysis and Identification of Opportunities in Roche's Sales Force Training.
	,
	2005,"
"Back, Andrea:
	Paving the Way to Corporate e-Learning Adoption and Sustainability.
	I-KNOW '04.
	Graz,
	1 July 2004."
"Seufert, Andreas; von Krogh, G. & Back, Andrea
 	(1999)
	Towards knowledge networking.
	Journal of Knowledge Management,
	
	(No. 3).
	180-190."
"Back, Andrea:
	E-Learning strategisch verankern.
	IOP-Fachtagung.
	Bern,
	4 September 2003."
"Back, Andrea:
	Business 2.0 - Die Triebfedern des partizipativen Web für Business-Innovation.
	20 Jahre IWI - IWI Update.
	St. Gallen,
	18 September 2009."
"Gurgul, Grzegorz; Enkel, Ellen & Schulte, K.:
	Virtuelle Kooperation - Erhaltung des Antriebs. (Virtual cooperation - Supporting the drive). Knowledge Integration after Mergers & Acquisitions in RWE.
	KnowledgeSource paper series,
	2002,
	BE HSG/IWI 3 No 35."
"Silic, Mario & Back, Andrea:
	Organizational Culture Impact on Acceptance and Use of Unified Communications & Collaboration Technology in Organizations.
	2013.
	- 26th Bled eConference ""eInnovations: challenges and impacts for individuals, organizations and society"".
	- Bled, Slovenia."
"Mayrhofer, David; Heilmeier, Peter; Nirankari, Ravi & Back, Andrea
 	(2005)
	Knowledge Management in Challenging Settings - A Case of Military Aircraft.
	J.UKM: Universal Journal of Knowledge Management,
	
	(1).
	29-38."
"Back, Andrea:
	Web-based Open Innovation - ""What‘s Your Strategy for Creating Knowledge, Products, and Services with Online Communities?"".
	4. SWISS KM Tool Day.
	Rüeschlikon,
	19 März 2009."
"Vassiliadis, Stefanos; Koehne, Marija; Seufert, Andreas; von Krogh, G. & Back, Andrea:
	Strategic Deployment of Networks for Knowledge Management: When to choose the Network Option.
	,
	2000,"
"Walter, Thomas & Back, Andrea:
	Towards Measuring Crowdsourcing Success: An Empirical Study on Effects of External Factors in Online Idea Contest.
	2011.
	- 6th Mediterranean Conference on Information Systems (MCIS 2011).
	- Limassol, Cyprus."
"Back, Andrea:
	RING-Workshop zum Thema ""Wissensmanagement"" bei Radio DRS.
	
	Basel,
	18 Dezember 2001."
"Ruf, Christian & Back, Andrea:
	Adoption of Online Videos in Organizations : A Multi-Case Comparison.
	2013.
	- 26th Bled eConference ""eInnovations: challenges and impacts for individuals, organizations and society"".
	- Bled, Slovenia."
"Back, Andrea:
	Lean & agil: Social-Software.
    In: Computerworld.ch
        
    (2014),
    Sonderausgabe ti&m special,
    S. 22-23."
"Hain, Stefanie & Schopp, Bernd:
	Unternehmensinternes Multiblog der Namics AG.
    	In  
    	Back, Andrea; Gronau, Norbert & Tochtermann, Klaus (Hrsg.): 
    	Web 2.0 in der Unternehmenspraxis : Grundlagen, Fallstudien und Trends zum Einsatz von Social Software. 
	München :
	Oldenbourg,
	2008,
	S. 187-198."
"Back, Andrea:
	Corporate E-Learning: Strategic Issues.
	Vortrag am Graduiertenkolleg New Media in Education.
	Lugano,
	1 Juni 2001."