Title;Authors;Related_journal;Date
How an Incumbent Telecoms Operator Became an IoT Ecosystem Orchestrator;"Marheine Christian;Engel Christian;Back Andrea";MIS Quarterly Executive;2021
Conceptual framework for collaborative open innovation with a startup ecosystem;"Peter Lukas;Back Andrea;Werro Tina";Innovation in the Digital Economy;2019
Management von digitalen Innovationen: Hat das Innovationstrichtermodell ausgedient?;"Back Andrea;Thoma Sereina;Guggisberg Vanessa";Wirtschaftsinformatik & Management : WuM;19. Apr 18
Erfolgsfaktoren fÅr digitale Solutions: Wie steht es um die Innovationskultur in Ihrem Unternehmen?;"Lîtscher Julia;Back Andrea";Wirtschaftsinformatik & Management;6 May 2020
Coworking aus Unternehmenssicht ? Out of Office into the Flow?;"Josef Barbara;Back Andrea";Arbeiten 4.0;12 July 2019
Konfrontiert mit einer Flut von Kooperationsanfragen: So meistern Sportorganisationen die systematische Analyse und Bearbeitung;"GrÅttner Arne;Braschler Thomas;Back Andrea";Wirtschaftsinformatik & Management;6 October 2020
From Data to Dollar ? Using the Wisdom of an Online Tipster Community to Improve Sports Betting Returns;"GrÅttner Arne;Wambsganss Thiemo;Back Andrea";null;2020
Practical Implications On How Established Companies Innovate With Startups: Tools and Guidelines for Innovation Managers;"Peter Lukas;Back Andrea;Werro Tina";null;2019
Innovation durch den Einsatz von EnterpriseIoT-Lîsungen: Ein Modell zur Bestimmung desInnovationspotenzials;"Marheine Christian;Gruber Lukas;Back Andrea";HMD Praxis der Wirtschaftsinformatik;04. Nov 19
Evaluating the Role of Trust in Adoption: A Conceptual Replication in the Context of Open Source Systems;"Silic Mario;Barlow Jordan;Back Andrea";AIS Transactions on Replication Research;1 March 2018
Open Source Software Adoption: Lessons from Linux in Munich;"Silic Mario;Back Andrea";IT Professional;2 February 2017
The dark side of social networking sites : Understanding phishing risks;"Silic Mario;Back Andrea";Computers in Human Behavior;1 July 2016
The Influence of Risk Factors in Decision-Making Process for Open Source Software Adoption;"Silic Mario;Back Andrea";International Journal of Information Technology and Decision Making;January 2016
Factors driving unified communications and collaboration adoption and use in organizations;"Silic Mario;Back Andrea";Measuring Business Excellence;23 February 2016
Gestaltungsbereiche der Digitalen Transformation von Unternehmen: Entwicklung eines Reifegradmodells;"Berghaus Sabine;Back Andrea";Die Unternehmung;June 2016
What are the Keys to a Successful Mobile Payment System? Case of Cytizi: Mobile Payment System;"Silic Mario;Back Andrea";Journal of Global Information Management;22. Aug 16
A new perspective on neutralization and deterrence: Predicting shadow IT usage;"Silic Mario;Barlow Jordan B.;Back Andrea";Information & management;1 December 2017
Taxonomy of technological risks of open source software in the enterprise adoption context;"Silic Mario;Back Andrea;Silic Dario";Information & Computer Security;15 October 2015
Email: from hero to zero - the beginning of the end?;"Silic Mario;Back Andrea;Silic Dario";Journal of Information Technology Teaching Cases;01. Nov 15
Mediennutzung in der Projektkommunikation von Studierenden - Analyse dreier Praxisprojekte unter besonderer BerÅcksichtigung der Kollaborationsplattform MavenLink;"Rennhard Yannick;Back Andrea";InterdisziplinÑre Zeitschrift fÅr Technologie und Lernen : iTeL;30. Sep 14
Classifying systemic differences between Software as a Service- and On-Premise-Enterprise Resource Planning;"Link Bjîrn;Back Andrea";Journal of Enterprise Information Management;13 October 2015
Balancing Innovation and Operations: Opportunities and Challenges of Second Generation Enterprise Mobility;"Berghaus Sabine;Sammer Thomas;BrechbÅhl Hans;Back Andrea";The journal of management systems;14 October 2014
Shadow IT - A view from behind the curtain;"Silic Mario;Back Andrea";Computers & Security;01. Sep 14
Information security: Critical review and future directions for research;"Silic Mario;Back Andrea";Information Management & Computer Security;13 June 2014
Critical Factors Influencing Diffusion of Interactivity Innovations on Corporate Websites;"Zollet Roman;Back Andrea";IEEE Transactions on Professional Communication;11 May 2015
Editorial: Erste Ausgabe von iTeL;"Back Andrea;Reinmann Gabi;Baumgartner Peter";InterdisziplinÑre Zeitschrift fÅr Technologie und Lernen (iTeL);2014
Employee Acceptance and Use of Unified Communications and Collaboration in a Cross-Cultural Environment;"Silic Mario;Back Andrea;Sammer Thomas";International Journal of e-Collaboration;2014
Systemic Differences between SaaS- and On-Premise-ERP : An Overview of a Qualitative Option Calculation Scheme;"Link Bjîrn;Back Andrea";AIS Transactions on Enterprise Systems;1 October 2013
Broadening Participation in Knowledge Management in Enterprise 2.0;"Back Andrea;Koch Michael";Information Technology : it;1 May 2011
Stille Revolution im Workplace Learning;Back Andrea;"HR Today Special ""Personal Swiss 2011""";01. Apr 11
Implementing a Classification Scheme for Enterprise 2.0;"Back Andrea;Irmler Peter";Information Technology : it;1 October 2012
Factors impacting information governance in the mobile device dual-use context;"Silic Mario;Back Andrea";Records Management Journal;29. Aug 13
Unternehmens-Wikis - wie ging das frÅher ohne?;Back Andrea;IT-Business;1 March 2012
NutzerprÑferenzen fÅr Funktionen mobiler Lernanwendungen in der betrieblichen Bildung;"Back Andrea;Henestrosa Alexandra";Zeitschrift fÅr E-Learning : Lernkultur und Bildungstechnologie;2012
2D-Codes - Technologie und Anwendungsbereiche;"Knuchel Thomas;Kuntner Tobias;Pataki Eva Carolina;Back Andrea";Wirtschaftsinformatik;1 February 2011
Wachstumsbarrieren bei der Nutzung von betrieblichen Lernplattformen;"Wildi Dennis;Back Andrea;Gfeller Reto";HMD : Praxis der Wirtschaftsinformatik;1 February 2011
E-Learning zunÑchst ganz pragmatisch als Kundenservice;Back Andrea;Zeitschrift fÅr E-Learning : Lernkultur und Bildungstechnologie;1 December 2010
University Apps;"Back Andrea;Walter Thomas";Switchjournal;1 October 2010
Die ôffnung des Innovationsprozesses;Back Andrea;wirtschaftsmagazin;01. Nov 09
Disruptiv innovieren in E-Learning und Kommunikation;Back Andrea;Netzwoche;01. Apr 09
Veni - VIDEO - Vici: Videobasiertes eLearning auf dem Siegeszug 2.0;Back Andrea;Jahrbuch eLearning & Wissensmanagement 2009/2010 eLearning Quo vadis?;01. Aug 09
Corporate E-Learning: Disruptive Innovation auf der öberholspur?;Back Andrea;IT-Business;1 March 2009
A Reference Model for E-Collaboration within the Dispersed Sales Force Training Process in Multinational Companies;"Heidecke Florian;Back Andrea";International Journal of e-Collaboration;1 January 2009
Personal Learning Journal - Course Design for Using Weblogs in Higher Education;"Hain Stefanie;Back Andrea";Electronic Journal of e-Learning - EJEL;1 October 2008
Group Wisdom Support Systems: Aggregating the Insights of many trough Information Technology;"Wagner Christian;Back Andrea";Issues in Information Systems (IIS);1 October 2008
BeitrÑge des Balanced-Scorecard-Ansatzes zur strategischen Verankerung von E-Learning im Unternehmen;"Back Andrea;Leithner Barbara";Zeitschrift fÅr Betriebswirtschaft;1 March 2006
Blogs helfen beim Projekt-Management;"Back Andrea;Haentschel-erhart Irene;Baumann Philipp;Ziekursch Tim";Computerwoche;1 May 2007
The CC Model as Organizational Design Striving to Combine Relevance and Rigor;"Back Andrea;Vonkrogh Georg;Enkel Ellen";Systemic Practice and Action Research;1 February 2007
Dissertationserhebung in der Wirtschaftsinformatik 2004;"Heidecke Florian;Back Andrea;Brenner Walter";Wirtschaftsinformatik;1 June 2005
Wissensmanagement strategisch verankern;"Ammann Schoch Regina;Back Andrea;Kunert Karsten;Tresch Markus";Wissensmanagement : das Magazin fÅr FÅhrungskrÑfte;01. Apr 04
Knowledge Management in Challenging Settings - A Case of Military Aircraft;"Mayrhofer David;Heilmeier Peter;Nirankari Ravi;Back Andrea";J.UKM: Universal Journal of Knowledge Management;1 July 2005
E-Meetings in Europa: State-of-the-art und Zukunftstrends;"Mayrhofer David;Back Andrea";Bulletin;1 June 2003
Im virtuellen Klassenraum interaktiv arbeiten;Back Andrea;bulletin;1 October 2003
Informations- und Kommunikationsdienste fÅr Wissensnetzwerke;"Raimann Joerg;Back Andrea";wisu das wirtschaftsstudium;1 June 2002
Plato-Cookbook: Wie gestalte ich meinen Unterricht im Internet-Klassenzimmer?;Back Andrea;Forum;1 February 2001
Wissensinitiativen: öberall aber wo genau?;"Ammann Schoch Regina;Back Andrea;Kunert Karsten;Tresch Markus";io new management;1 January 2003
E-HR - Strategic Upgrade;Back Andrea;Learntec New;1 June 2002
Workplace Learning: mit E-Learning im Arbeitsprozess lernen;Back Andrea;SKO-Leader;1 January 2003
Managerial aspects of corporate e-Learning: insights from a study of four cases;"Back Andrea;Bursian Olaf";"Studies in Communications Sciences Special Issue ""New Media in Education""";1 June 2003
Software-Tools und Architekturmodell fÅr das Wissensmanagement;"Raimann Joerg;Back Andrea";ControllerNews: Die Zeitschrift fÅr Controlling und UnternehmensfÅhrung;1 July 2000
Computer Supported Cooperative Work (CSCW) - State-of-the-Art und zukÅnftige Herausforderungen;"Back Andrea;Seufert Andreas";HMD - Praxis der Wirtschaftsinformatik;1 June 2000
Wissensmanagement - eine Bestandsaufnahme;"Back Andrea;Seufert Andreas;von Krogh G.";SAP Info;01. Apr 00
Michael Cusumano :Interview;Back Andrea;Wirtschaftsinformatik;1 February 2000
Towards knowledge networking;"Seufert Andreas;von Krogh G.;Back Andrea";Journal of Knowledge Management;1 October 1999
Wissensstrategien fÅr die Zukunft;"Back Andrea;Seufert Andreas";Controller News;1 January 2000
Computeranalphabet trotz PC-FÅhrerschein?;Back Andrea;IBM uptodate;30. Sep 98
2005: Virtuelle UniversitÑten auf dem Vormarsch;"Schuh G.;Back Andrea;Friedli T.;Seufert Sabine";Thexis-Sonderheft Management Szenarien 2005;1 January 1998
Editoral;Back Andrea;Informatik/Informatique;1 January 1998
Technology enabled Management Education - Die Lernumgebung MBE Genius im Bereich Executive Study an der UniversitÑt St. Gallen;"Back Andrea;Kramhoeller S.;Seufert Sabine";iomanagement;1 January 1998
Technology enabled Management Education - Die Lernumgebung MBE Genius im Bereich Executive Study an der UniversitÑt St. Gallen;"Back Andrea;Seufert Sabine;Kramhîller S.";IO Management;1998
UniversitÑre Ausbildung anno 2005;Back Andrea;Thexis-Sonderheft Management Szenarien 2005;1 January 1998
Measuring;"Back Andrea;Seufert Andreas;von Krogh G.";Thexis-Sonderheft Management Szenarien 2005;1 January 1998
Bildung fÅr das VerstÑndnis von Informations- und Kommunikationstechnik (IuK) - IuK fÅr die Ausbildung;Back Andrea;Schweizerische Zeitschrift fÅr kaufmÑnnisches Bildungswesen;1 January 1997
Szenario Bildungslandschaft 2005;Back Andrea;Informatik/Informatique;1 January 1998
Kanzleiinformationssystem: Groupware-basiertes Wissensmanagement in WirtschaftsprÅfungs- und Steuerberatungskanzleien;"Back Andrea;Seufert Andreas";Datenverarbeitung-Steuer-Wirtschaft-Recht;1 January 1998
Der Cyberspace des 21. Jahrhunderts - Unsere virtuelle neue Welt?;Back Andrea;Forum FN: Themen der Zeit;1 January 1997
Entwicklungen im Markt und in Anwendungsfeldern von Groupware;Back Andrea;Informatik/Informatique;1 January 1995
Kanzleiinformationssystem: Mehrdimensionales Kanzleicontrolling;"Back Andrea;Seufert Andreas";Datenverarbeitung-Steuer-Wirtschaft-Recht;1 January 1997
Groupware-Applikationen an der UniversitÑt St. Gallen;"Back Andrea;Grabher K.";Informatik/Informatique;1 January 1995
Groupwarebasierter Help-Desk fÅr Informatikprobleme: eine Applikation unter Lotus Notes an der UniversitÑt St. Gallen;"Back Andrea;Schubert P.";HMD: Praxis der Wirtschaftsinformatik;1 January 1996
Teamorientierung im Management - Management Support goes Groupware. 4 Workshop des GI-Arbeitskreises 5.5.2 Management Support Systems (MSS);"Back Andrea;Seufert Andreas";Wirtschaftsinformatik;1 January 1996
Internet und World Wide Web : Zugangs- und Anwendungsmîglichkeiten fÅr den Steuerberater;"Back Andrea;Wagner J.";DSWR;1 January 1996
Vom Firmenhauptsitz ins Telecottage;"Back Andrea;Schuka Oliver";Output Focus;1 January 1996
Der Kollaborateur aus der Kiste: Groupware Interview;Back Andrea;Handleszeitung;1 January 1997
Umsetzung objektorientierter Konstrukte im internen Rechnungswesen;Back Andrea;HMD: Praxis der Wirtschaftsinformatik;1 January 1994
Vorarbeiten fÅr die Datenmodellierung am Beispiel zweier Industrieunternehmen : Automatisierte Dateninventur und elektronischer Begriffskatalog;Back Andrea;Wirtschaftsinformatik 36;1 January 1994
Groupware. Editoral;Back Andrea;Informatik/Informatique;1 January 1995
Kanzleiinformationssystem;"Back Andrea;Seufert Andreas";Datenverarbeitung-Steuer-Wirtschaft-Recht;1 January 1995
"Interview mit Mark C. Turrell: ""Groupware should be widely deployed""";Back Andrea;Informatik/Informatique;1 January 1995
Aspekte zur Implementierung und Nutzung einer Prozesskostenrechnung. Rubrik Meinungsspiegel;Back Andrea;Kostenrechnungspraxis-Sonderheft;1 January 1994
Ein Modell zur Kalkulation der Kosten je Absolvent;Back Andrea;ZfB-Sonderheft;1 January 1994
Prozesskostenrechnung;Back Andrea;Bilanzbuchhalter;1 January 1994
From Suppliers to Complementors: Motivational Factors for Joining Industrial Internet of Things Platform Ecosystems;"Marheine Christian;Pauli Tobias;Marx Emanuel;Back Andrea;Matzner Martin";null;January 2021
Steuerungstool des Board of Directors fÅr Digitale Transformationsprojekte;"Mîrstedt Nils G.;Back Andrea";82. Jahrestagung des Verbands der Hochschullehrer fÅr Betriebswirtschaft e.V. (VHB);19 March 2020
The New Window to Athlete?s Soul ? What Social Media Tells Us About Athletes? Performances;"GrÅttner Arne;Vitisvorakarn Min;Wambsganss Thiemo;Rietsche Roman;Back Andrea";Hawaii International Conference on System Sciences (HICSS);7 January 2020
Digital Transformation Compass ? A Guide to Management Methods and Tools in Digital Transformation Initiatives (Proposal of Future Work);"Back Andrea;Schacker Maximilian";Organizing in the Era of Digital Technology;13 June 2019
Coworking as a New Innovation Scenario from the Perspective of Mature Organisations;"Josef Barbara;Back Andrea";null;13. Apr 18
Exploring Innovation Practices for B2E Initiatives in the Digital Age;"Guggisberg Vanessa;Back Andrea";Multikonferenz Wirtschaftsinformatik 2018;9 March 2018
Disentangling the Fuzzy Front End of Digital Transformation: Activities and Approaches;"Berghaus Sabine;Back Andrea";International Conference on Information Systems (ICIS) 2017;10 December 2017
Effects of Color Appeal Perceived Risk and Culture on User?s Decision in Presence of Warning Banner Message;"Silic Mario;Cyr Dianne;Back Andrea;Holzer Adrian";50th Hawaii International Conference on Sciences (HICSS);7 January 2017
Impact of Gamification on User?s Knowledge-Sharing Practices:Relationships between Work Motivation Performance Expectancy and Work Engagement;"Silic Mario;Back Andrea";50th Hawaii International Conference on Sciences (HICSS);7 January 2017
Is an App Better than an Email? Developing Trust in a Mobile Financial Advisory Service : Design and Evaluation of a Prototype;"Ruf Christian;Back Andrea;Wittmann Matthias";12. Internationale Tagung Wirtschaftsinformatik (WI 2015) : Smart Enterprise  Engineering;5 March 2015
Deterrent Effects of Warnings on User?s Behavior in Preventing MaliciousSoftware Use;"Silic Mario;Back Andrea";50th Hawaii International Conference on Sciences (HICSS);6 January 2017
Atos - Towards Zero Email Company;"Silic Mario;Back Andrea;Silic Dario";23rd European Conference on Information Systems (ECIS) 2015;28 May 2015
How Can We Design Products Services and Software That Reflect the Needs of Our Stakeholders? : Towards a Canvas for Successful Requirements Engineering;"Ruf Christian;Back Andrea";10th International Conference DESRIST 2015;22 May 2015
Identification and Importance of the Technological Risks of Open Source Software in the Enterprise Adoption Context;"Silic Mario;Back Andrea";12th International Conference on Wirtschaftsinformatik (WI 2015);5 March 2015
Designing Tablet Banking Apps for High-Net-Worth Individuals : Specifying Customer Requirements with Prototyping;"Ruf Christian;Back Andrea;Weidenfeld Henk Andreas";"The 28th Bled eConference ""#eWellbeing""";3 June 2015
Stages in Digital Business Transformation: Results of an Empirical Maturity Study;"Berghaus Sabine;Back Andrea";10th Mediterranean Conference on Information Systems (MCIS 2016);04. Sep 16
Mobile Contactless Payments Adoption Challenge in the Complex Network Actor Ecosystem;"Silic Mario;Back Andrea;Ruf Christian";"The 27th Bled eConference ""eEcosystems""";1 June 2014
The New Enterprise Mobility: Seizing the Opportunities and Challenges in Corporate Mobile IT;"Sammer Thomas;BrechbÅhl Hans;Back Andrea";19th Americas Conference on Information Systems (AMCIS 2013);17. Aug 13
Information Security and Open Source Dual Use Security Software: Trust Paradox;"Silic Mario;Back Andrea";9th IFIP WG 2.13 International Conference OSS 2013;26 June 2013
Adoption of Mobile Business Solutions and its Impact on Organizational Stakeholders;"Berghaus Sabine;Back Andrea";"The 27th Bled eConference ""eEcosystems""";1 June 2014
Design Requirements for Collaboration Processes to Increase Customer Trust in Mobile Banking Platforms;"Ruf Christian;Back Andrea";"The 27th Bled eConference ""eEcosystems""";1 June 2014
Elicitation of Requirements for the Design of Mobile Financial Advisory Services - Instantiation and Validation of the Requirement Data Model with a Multi-method Approach;"Ruf Christian;Back Andrea;Bergmann Richard;Schlegel Michael";48th Hawaiin International Conference on System Sciences (HICSS);4 January 2015
Requirements Elicitation and Utilization Scenarios for In-Car Use of Wearable Devices;"Berghaus Sabine;Back Andrea";48th Hawaiin International Conference on System Sciences (HICSS);6 January 2015
Efficient And Ubiquitous Resource Allocation - Can Smartphones Improve Urban Traffic Flow Associated With Numerous Cars Searching For Parking Spaces?;"Fiechter Daniel;Sammer Thomas;Back Andrea";European Transport Conference 2013;2 October 2013
Success and Failure: Two Longitudinal Case Studies on Media-Tablet Usage in CRM;"Sammer Thomas;Vîgeli Sandro;Back Andrea";12th International Conference on Mobile Business (ICMB);12 June 2013
Organizational Culture Impact on Acceptance and Use of Unified Communications & Collaboration Technology in Organizations;"Silic Mario;Back Andrea";"26th Bled eConference ""eInnovations: challenges and impacts for individuals organizations and society""";9 June 2013
Das St. Galler Enterprise 2.0 Methodenset - Ein Ansatz zum organisatorischen Wandel;"Friedel Dominik;Back Andrea";14. KnowTech 2012;24 October 2012
Adoption of Online Videos in Organizations : A Multi-Case Comparison;"Ruf Christian;Back Andrea";"26th Bled eConference ""eInnovations: challenges and impacts for individuals organizations and society""";9 June 2013
Narrative Hypervideos: Methodenentwurf zur Nutzung usergenerierter Videos in der Wissenskommunikation;"Back Andrea;Toedtli Maria Camilla";Jahrestagung derˇGesellschaft fÅr Medien in der Wissenschaft (GMW);10. Sep 12
Determination of Enterprise 2.0 Development Levels with a Maturity Model;"Friedel Dominik;Back Andrea";IADIS Multi Conference on Computer Science and Information Systems (MCCSIS 2012);17 July 2012
Barrieren am Weg zum Mobile Contactless Payment : Eine Marktanalyse und Bestandsaufnahme der Situation in der Schweiz;"Sammer Thomas;Lazur Christian;Walter Thomas;Back Andrea";7. Konferenze Mobile und UbiquitÑre Informationssysteme (MMS);1 March 2012
A Text Mining Approach to Evaluate Submissions to Crowdsourcing Contests;"Walter Thomas;Back Andrea";46th Hawaii International Conference on System Sciences (HICSS);7 January 2013
Einsatzmîglichkeiten von Virtual Private Workspace;"Schoenenberg Robin;Back Andrea";Multikonferenz der Wirtschaftsinformatik (MKWI) 2012;21 February 2012
Wie weit und bereit sind Unternehmen mit Enterprise 2.0 - Ergebnisse einer Reifegradstudie im deutschsprachigen Raum;"Friedel Dominik;Back Andrea;Wieland Ralf";13. KnowTech 2011;28. Sep 11
Integrating the Smartphone : Applying the U-Constructs Approach on the Case of Mobile University Services;"Sammer Thomas;Camichel Fabio Armon;Back Andrea";6th Mediterranean Conference on Information Systems (MCIS 2011);03. Sep 11
Towards Measuring Crowdsourcing Success: An Empirical Study on Effects of External Factors in Online Idea Contest;"Walter Thomas;Back Andrea";6th Mediterranean Conference on Information Systems (MCIS 2011);04. Sep 11
Towards Microblogging Success Factors : An Empirical Survey on Twitter Usage of Austrian Universities;"Sammer Thomas;Back Andrea";6th Mediterranean Conference on Information Systems (MCIS 2011);03. Sep 11
Assessing Degrees of Web-2.0-ness: Model and Results for Product Websites in the Pharma-Industry;"Back Andrea;Haager Christopher";"24th Bled eConference ""eFuture Creating Solutions for the Individual Organisations and Society""";12 June 2011
Critical Success Factors of Global Enterprise Resource Planning Programmes: An Empirical Model Based on Expert Interviews;"Seidel Gunter;Back Andrea";19th European Conference on Information Systems (ECIS) 2011;9 June 2011
Erfolgsmessung zum Einsatz von Social Software im Softwareentwicklungsprozess am Beispiel der T-Systems Multimedia Solutions GmbH;"Sammer Thomas;Lin Dada;Back Andrea;Schoenefeld Frank";6. Konferenz Professionelles Wissensmanagement;22 February 2011
Reifegradmodelle im Management von Enterprise 2.0;Back Andrea;12. KnowTech 2010;15. Sep 10
Open (e-)Cooperation - Ein Erfahrungsbericht zu Formen der Zusammenarbeit von Hochschullehre und Unternehmenspraxis;Back Andrea;GML2 2010;11 March 2010
Website Usability for Internet Banking;"Zollet Roman;Back Andrea";"23rd Bled eConference ""eTrust: Implications for the Individual Enterprises and Society""";20 June 2010
Knowledge Management in Challenging Settings - A Case of Military Aircraft;"Mayrhofer David;Heilmeier Peter;Nirankari Ravi;Back Andrea";5th International Conference on Knowledge Management and Knowledge Technologies (I-KNOW);29 June 2005
Crowdsourcing as a Business Model: An exploration of emergent textbooks harnessing the wisdom of crowds;"Walter Thomas;Back Andrea";"23rd Bled eConference ""eTrust: Implications for the Individual Enterprises and Society""";23 June 2010
Success Factor Validation for Global ERP Programmes;"Seidel Gunter;Back Andrea";17th European Conference on Information Systems (ECIS) 2009;8 June 2009
Learning Journal - Weblogs in Academic Courses;"Hain Stefanie;Back Andrea";3rd International Conference on e-Learning;26 June 2008
Web-Analyse-Dienste als Instrument des Blog-Monitoring;"Walter Thomas;Back Andrea";Multikonferenz Wirtschaftsinformatik (MKWI) 2010;23 February 2010
Learning-Management-Systeme im Corporate E-Learning: Lîsung oder Auslîser;Back Andrea;Fachtagung Web-Based Training 2005;28. Apr 05
Workplace e-collaboration in Practice - Identifying preconditions for successfully implementing e-collaboration in organizations.;"Mayrhofer David;Back Andrea";14th Information Resource Management Association International Conference (IRMA03);19 May 2003
Software Tools for E-Collaboration: Evaluating Web-Conferencing Tools;"Mayrhofer David;Back Andrea;Hubschmid Roger;Heidecke Florian";16th Information Resources Management Association Conference (IRMA);17 May 2005
Towards a Framework for Knowledge Networks for Growth - Results of an Action Research Study;"Enkel Ellen;Back Andrea;Vonkrogh Georg";Academy of Management Annual Meeting (AOM) 2003;01. Aug 03
Classification of IS Functionalities for Workplace E-Collaboration;"Mayrhofer David;Back Andrea";14th Information Resource Management Association International Conference (IRMA);21 May 2004
Open Grid - Open Mind;"Bieger Thomas;Achleitner Paul;Landolf Urs;Serratore Luca;Breitenstein Yannik;Dilger Bernadette;AngÇlil Marc;Fujimoto Sou;Bîhm Andreas;Meckel Miriam;Borth Damian;Gasser Urs;Lohmann Melinda Florina;Bruch Heike;Berenbold Sandra;Gassmann Oliver;Josef Barbara;Back Andrea;Uebernickel Falk;Kohler Marc;Hehn Jennifer;Leimeister Jan Marco;Sîllner Matthias;Brenner Walter;Gutzwiller Thomas;Frank Markus;SchÅrer Wolfgang;Kissinger Henry";null;2018
Chief-Learning-Officer-Projektagenda 200x;Back Andrea;32. Jahrestagung der Gesellschaft fÅr Informatik e.V. (GI);30. Sep 02
Zum VerhÑltnis von eLearning und Wissensmanagement im Unternehmen;Back Andrea;32. Jahrestagung der Gesellschaft fÅr Informatik e.v. (GI);30. Sep 02
Knowledge Networks for Business Growth;null;null;2006
Mobile Business : Management von mobiler IT in Unternehmen;"Sammer Thomas;Back Andrea;Walter Thomas";null;2014
Web 2.0 und Social Media in der Unternehmenspraxis : Grundlagen Anwendungen und Methoden mit zahlreichen Fallstudien;null;null;2012
Putting Knowledge Networks into Action: Methodology Development Maintenance;null;null;2005
Putting knowledge networks into action : a methodology for developing and maintaining Knowledge Networks;null;null;2005
Web 2.0 in der Unternehmenspraxis : Grundlagen Fallstudien und Trends zum Einsatz von Social Software (2. aktualisierte Auflage);null;null;2009
Web 2.0 in der Unternehmenspraxis: Grundlagen Fallstudien und Trends zum Einsatz von Social Software;null;null;2008
Getting real about knowledge networks : unlocking corporate knowledge assets;null;null;2006
Business Engineering - Die ersten 15 Jahre;null;null;2004
E-Learning: Ein Wîrterbuch;"Back Andrea;Bendel Oliver;Stoller-Schai Daniel";null;2002
E-Learning: Weiterbildung im Internet;"Seufert Sabine;Back Andrea;HÑusler Martin";null;2001
Lexikon der Wirtschaftsinformatik;null;null;2001
E-Learning im Unternehmen: Grundlagen - Strategien - Methoden - Technologien;"Back Andrea;Bendel Oliver;Stoller-Schai Daniel";null;2001
Mobile First auch in Beratungsprozessen des Private Banking? Entwicklung und Validierung einer iPad-Applikation;"Ruf Christian;Back Andrea;Burkhardt Marc";Multikonferenz Wirtschaftsinformatik (MKWI) 2016;March 2016
Employee acceptance and use of unified communications and collaboration in a cross-cultural environment;"Silic Mario;Back Andrea;Sammer Thomas";null;2017
Collaboration Between Corporations and Startups: The Startup-Collaboration-Model;"Peter Lukas;Back Andrea;Werro Tina";null;2019
Das St. Galler Enterprise-2.0-Methodenset - Ein Ansatz zum organisatorischen Wandel;"Friedel Dominik;Back Andrea";null;2012
Bloggen und Microblogging in Lehrveranstaltungen : Variationen aus sieben Jahren eigener Lehrpraxis;Back Andrea;null;2013
Bestimmung des Enterprise-2.0-Entwicklungsstands mit einem Reifegradmodell;"Friedel Dominik;Back Andrea";null;2012
Crowdsourcing-Plattformen;Walter Thomas;null;2012
Mobile Business;"Back Andrea;Ruf Christian";null;2016
Enterprise 2.0 - Digitale Transformation durch soziale Technologien;Back Andrea;null;2016
Wissensarbeit nach Lean-Prinzipien bei Saia-Burgess Controls;"Back Andrea;Lauber JÅrgen;SÅtterlin Sarah";null;2014
Inter- trans- und multidisziplinÑr ? Eine essayistische AnnÑherung mit Blick auf die Wirtschaftsinformatik;Back Andrea;null;2014
Das mobile Web 2.0 im Unternehmen;"Sammer Thomas;Walter Thomas";null;2012
Projektmanagement bei verteilten Teams mit Jive-Gruppen im Swiss Re Ourspace;"Back Andrea;Fuellemann Peter;Jastrowski Wolfgang";null;2012
Wissens-Wiki im IT-Betrieb und Notfall-Management bei der SFS services AG;"Cervellieri Adrian;Buchli Reto;Back Andrea";null;2012
Web-DNA-Analyse von (((rebell.tv))) - Publizieren und Kommunizieren in innovativer Genese;Back Andrea;null;2009
Social Software Use-Cases in verschiedenen GeschÑftsfunktionen bei Swiss Re;"Back Andrea;Isenschmid Christoph;Jastrowski Wolfgang";null;2012
A Reference Model for E-Collaboration within the Dispersed Sales Force Training Process in Multinational Companies;"Heidecke Florian;Back Andrea";null;2009
E-Learning im Unternehmen;Back Andrea;null;2008
Web-based Open Innovation - Wie Online-Gemeinschaften Dienstleistungen Produkte und Wissen mitgestalten;Back Andrea;null;2009
Podcasting;Haentschel-erhart Irene;null;2008
Newsfeeds und Newsaggregatoren;Heidecke Florian;null;2008
The Concept of Knowledge Networks for Growth;"Enkel Ellen;Back Andrea;Vonkrogh Georg";null;2007
ProduktivitÑt von Wissensarbeitern;"Back Andrea;Heidecke Florian";null;2008
E-Learning strategisch verankern;Back Andrea;null;2007
Unternehmensinternes Multiblog der Namics AG;"Hain Stefanie;Schopp Bernd";null;2008
Integrated Performance Measurement System for Knowledge Networks for Growth;"Enkel Ellen;Rumyantseva Maria;Gurgul Grzegorz";null;2007
Gestaltung eines Blended-Learning-Szenarios vor dem Hintergrund der UnterstÅtzung einer neuen Lernkultur in Unternehmen;"Back Andrea;Keller Miriam";null;2007
The customer - an untapped source of innovations. Developing a Customer Integration Network in HP;"Gurgul Grzegorz;Enkel Ellen;Rumyantseva Maria;Ulrich Claudia";null;2007
Organisation des Aussendiensttrainings in der Pharma-Branche: Entwicklung eines Referenzmodells mittels Fallstudienforschung;"Heidecke Florian;Mayrhofer David;Schiesser Andreas;Back Andrea";null;2007
Supporting integration after M&A throuth Knowledge Networks within RWE Net;"Gurgul Grzegorz;Enkel Ellen;Schulte Kordula;Kruse Carl-Heinrich";null;2007
A methodology for adapting Knowledge Networks - managerial guidelines;"Enkel Ellen;Gurgul Grzegorz;Rumyantseva Maria";null;2007
Developmental aspects and supportive factors in Knowledge Networks;"Kîhne M.;Enkel Ellen;Ulrich C.";null;2006
Outlook: Beyond organizational boundaries - Knowledge Networks for Growth;Enkel Ellen;null;2006
Balanced Learning Scorecard: Den Wert von (E-)Learning-Innovationen fÅr GeschÑftsziele kommunizieren;Back Andrea;null;2005
Supporting Growth through Innovation Networks in Unilever;"Rumyantseva Maria;Enkel Ellen;Pos A.";null;2007
Die wissenschaftliche Sicht: Der rechte Umgang mit Stakeholdern;Back Andrea;null;2005
BeitrÑge des Balanced-Scorecard-Ansatzes zur strategischen Verankerung von E-Learning im Unternehmen;"Back Andrea;Leithner Barbara";null;2005
Vom Kursprojekt zum Reengineering der Bildungsprozesse;Back Andrea;null;2004
Elektronische MÑrkte;Schmid Beat;null;2004
Workplace e-Collaboration in Practice: Practical Guidelines for Implementing e-Collaboration in Organizations;"Mayrhofer David;Back Andrea";null;2004
Lern- und Wissensportale in Corporate Universities;"Back Andrea;Bendel Oliver";null;2002
EntscheidungsunterstÅtzungssysteme;Back Andrea;null;2002
E-Learning und Wissensmanagement zusammenfÅhren;Back Andrea;null;2002
Wissensnetzwerke: Das neue Instrument fÅr die Fîrderung von Wissensaustausch und Wissensentwicklung im Unternehmen;"Enkel Ellen;Back Andrea";null;2002
Avatar;Bendel Oliver;null;2001
Critical Success Factors (CSF);Back Andrea;null;2001
E-Learning;"Bendel Oliver;Stoller-Schai Daniel";null;2001
Massenspeicher magnetischer;MÅller Jochen;null;2001
Executive Information System (EIS);"Back Andrea;Seufert Andreas";null;2001
Virtual Reality;Back Andrea;null;2001
Lernen im Cyberspace: Die Zukunft der Wissensentwicklung und Bildungsdienstleistung?;Back Andrea;null;2000
Zum VerhÑltnis von informationstechnologischer und gesellschaftlicher Entwicklung: Bildung fÅr Informationstechnik - Informationstechnik fÅr Bildung;"ôsterle Hubert;Back Andrea";null;1997
Wissensnetzwerke: Vision - Referenzmodell - Archetypen und Fallbeispiele;"Back Andrea;Seufert Andreas;von Krogh G.";null;1999
Implementierung und Nutzung der Prozesskostenrechnung;Back Andrea;null;1995
Coworking aus Unternehmenssicht II: Out of Office ? into the Flow?;"Josef Barbara;Sapegina Anastasia;Back Andrea;Weibel Antoinette";null;January 2019
Executive Information Systems;"Back Andrea;Rieger B.;Seufert Andreas";null;1997
Management Informationssysteme;Back Andrea;null;1996
Telelernen;"Back Andrea;Weiser Christian";null;1997
Agile Innovation for Next Generation Mobile Business;"Guggisberg Vanessa;Back Andrea";null;December 2017
Coworking aus Unternehmenssicht ? Serendipity-Biotop oder Fluchtort?;"Josef Barbara;Back Andrea";null;December 2016
Critical Factors Influencing Innovation Diffusion on Corporate Websites;"Zollet Roman;Back Andrea";null;2014
Newsaggregatoren-Software - ein MarktÅberblick;"Heidecke Florian;Back Andrea";null;01. Apr 07
Data Mining and Social Network Analysis of Ideation Contests : A Repeated Measures Design;"Walter Thomas;Back Andrea";null;2013
Ich habe fertig - aus der Sicht der Mertens-Zauberlehrlinge (Laudatio gehalten an der WISO in NÅrnberg am 10. Januar 2006 Emeritierung Prof. Dr. Peter Mertens);Back Andrea;null;1 January 2006
Construction of a Method for Assessing the Likelihood of Burnout of Global ERP Programmes;"Seidel Gunter;Back Andrea";null;1 March 2010
State-of-the-Art on Maturity Models for Collaboration;"Hain Stefanie;Back Andrea";null;1 October 2009
Wearable Business Solutions ? Herleitung und Auswirkung auf die Value Creation durch Unternehmen im Jahr 2021 mittels Szenariotechnik und Delphimethode;"Heusler Noemi;Back Andrea";null;Aug 16
Current State Analysis and Identification of Opportunities in Roche's Sales Force Training;"Heidecke Florian;Mayrhofer David;Back Andrea;Schiesser Andreas";null;1 February 2005
BeitrÑge der Balanced Scorecard fÅr ein nachhaltiges E-Learning im Unternehmen;"Leithner Barbara;Back Andrea";null;01. Apr 04
Blended-Learning-Projekte im Unternehmen;"Keller Miriam;Back Andrea";null;01. Apr 04
Web-Conferencing Software Tools: A Comprehensive Market Survey;"Mayrhofer David;Back Andrea;Hubschmid Roger";null;01. Apr 04
Workplace E-Collaboration: Theoretical Foundations and Practical Implications;"Mayrhofer David;Back Andrea";null;01. Apr 03
Web-Conferencing Software Tools: Evaluierung der MarktfÅhrer;"Mayrhofer David;Back Andrea;Hubschmid Roger";null;01. Apr 04
Informationsversorgung des Staates in der Informationsgesellschaft;"Bendel Oliver;Back Andrea";null;01. Apr 03
Lernen im Medienverbund: Nachhaltigkeit von Aus- und Weiterbildung der Polizei BaWÅ;"Bendel Oliver;Leithner Barbara;Keller Miriam;Back Andrea";null;01. Apr 03
Potenziale pÑdagogischer Agenten;"Bendel Oliver;Schnoering Katharina;Back Andrea";null;15 January 2002
Creating a Competency Model for Swissair and Sabena;"Keller Miriam;Leithner Barbara;Schnoering Katharina;Bursian Olaf;Bendel Oliver;Back Andrea";null;7 January 2002
Perspectives for our partners. Innovation and the network option;"Rumyantseva Maria;Enkel Ellen;Gurgul Grzegorz";null;2002
Knowledge Network - Survey Findings (internal Paper);"Wicki Yvonne;Enkel Ellen;Seufert Andreas;Back Andrea;von Krogh Georg";null;1 October 2001
Qualitative und îkonomische Potenziale der EinfÅhrung eines LMS in der Credit Suisse;"Bendel Oliver;Bursian Olaf;Oberlin Karin;Keller Miriam;Leithner Barbara;Back Andrea";null;1 June 2001
How Knowledge Networks in practice look like: Findings from an international survey;"Enkel Ellen;Wicki Yvonne";null;2002
Neue Lerntechnologien (NLT) in Schweizerischen Industrieunternehmen;"Back Andrea;Bursian Olaf";null;01. Aug 01
Virtuelle Kooperation - Erhaltung des Antriebs. (Virtual cooperation - Supporting the drive). Knowledge Integration after Mergers & Acquisitions in RWE;"Gurgul Grzegorz;Enkel Ellen;Schulte K.";null;2002
Lernen mit elektronischen Medien: Projekt E-Learning der UBS AG ZÅrich;"Bursian Olaf;Bendel Oliver;Isler A.;Martin Gunnar;Leithner Barbara;Keller Miriam;Back Andrea";null;1 May 2001
Betreibermodell und Anreizsystem fÅr Multimedia-gestÅtzte StudiengÑnge im Weiterbildungsmarkt;"Leithner Barbara;Keller Miriam;Bursian Olaf;Bendel Oliver;Back Andrea";null;14 March 2001
Fostering New Ventures: Organisational conditions for New Ventures in Unilever;"van Wegen B.;Makarevitch Alexei;Kayser T.;Enkel Ellen";null;2001
MERLIN - Materializing Experiencing Refining and Learning in Knowledge Networks;"Enkel Ellen;Raimann Joerg;Seufert Andreas;Vassiliadis Stefanos;Wicki Yvonne;Back Andrea;von Krogh G.";null;19. Sep 00
Training for Knowledge Networks: Documentation;"Vassiliadis Stefanos;Raimann Joerg;Seufert Andreas;Back Andrea;von Krogh G.";null;1 October 2000
Perspective for our partners: Innovation Knowledge creation Customer Integration and Launching new Ventures;"Enkel Ellen;Gibbert Michael;Makarevitch Alexei;Vassiliadis Stefanos";null;2001
Perspective for our partners: Boundaries of the firm;"Enkel Ellen;Gibbert Michael;Makarevitch Alexei;Vassiliadis Stefanos";null;2001
Perspective for our partners: New Ventures: important concepts and theories;"Makarevitch Alexei;Enkel Ellen";null;2001
Performance Measurement of Communities of Practice;"Raimann Joerg;Koehne Marija;Seufert Andreas;Back Andrea;von Krogh G.";null;28 July 2000
Strategic Deployment of Networks for Knowledge Management: When to choose the Network Option;"Vassiliadis Stefanos;Koehne Marija;Seufert Andreas;von Krogh G.;Back Andrea";null;17 March 2000
Supporting Business Processes through Knowledge Management - A Technology-based Analysis;"Raimann Joerg;Enkel Ellen;Seufert Andreas;Back Andrea;von Krogh G.";null;17 March 2000
Competing with Intellectual Capital: Theoretical Background;"Back Andrea;Seufert Andreas;Vassiliadis Stefanos;von Krogh Georg";null;20 March 2000
Dialogplattform Knowledge Management der Deutschen Bank AG (Internal Paper);"Bendel Oliver;Stoller-Schai Daniel;Mergel Ines;Back Andrea";null;10 March 2000
Knowledge Networks - A Tools Perspective;"Raimann Joerg;Koehne Marija;Seufert Andreas;Back Andrea;von Krogh G.";null;1 January 2000
Towards a Reference Model for Knowledge Networking;"Seufert Andreas;Back Andrea;von Krogh G.";null;16 December 1999
Development Aspects and Supportive Factors in Knowledge Networks;"Kîhne M.;Enkel Ellen;Seufert Andreas;Back Andrea;Vonkrogh Georg";null;2000
Dealing with Knowledge Assets;"Vassiliadis Stefanos;Gysin Karl;Seufert Andreas;Back Andrea;von Krogh G.";null;1 January 1999
The Influence of Human Networks and Human Value Systems on Knowledge Sharing/Transfer Projects;"Koehne Marija;Raimann Joerg;Seufert Andreas;von Krogh G.;Back Andrea";null;1 January 1999
Knowledge Networks: Linking Knowledge Management to Business Strategy;"Vassiliadis Stefanos;Wicki Yvonne;Seufert Andreas;von Krogh G.;Back Andrea";null;1 January 1999
A Vision for Knowledge Networking;"Seufert Andreas;Back Andrea;von Krogh G.";null;1 January 1999
State of the Art des Management Supports Teil 1: Klassische Management Support AnsÑtze;"Back Andrea;Seufert Andreas";null;4 March 1997
State of the Art des Management Supports Teil 2: Neuere Management Support AnsÑtze;"Back Andrea;Seufert Andreas";null;4 March 1997
Evaluation Report: Review of the Knowledge Management Activities in the Unilever Culinary Category;"Back Andrea;von Krogh G.";null;01. Aug 98
Computer Supported Cooperative Work im Fokus des Bankensektors;"Back Andrea;Bauknecht K.;Morger O.;Tjoa A.";null;1 January 1997
Mobile Business 2013 : Der Einfluss von Second Generation Enterprise Mobility auf die Value Chain von Unternehmen;"Sammer Thomas;Back Andrea;Bessing Stefan";null;2013
Rollen Prozesse und FÅhrung in der Digitalen Transformation: Ratgeber und Fallstudien zur Strategiearbeit fÅr das digitale Zeitalter (Teil 2);"Berghaus Sabine;Back Andrea";null;2016
Wie packen Unternehmen die Digitale Transformation an? (Teil 1);"Berghaus Sabine;Back Andrea";null;2016
Digital-Entrepreneurship-Werkstatt:Ein Start-up Baukasten fÅr das Klassenzimmer;"GrÅttner Arne;Back Andrea";bildung+ schule digital;May 2020
The Race to the Top : Will a 'Bring Your Own Device' (BYOD) Policy Contribute to the Success of the Adidas Group?;"Sammer Thomas;Back Andrea";null;2013
Enterprise 2.0 - Nutzung & Handlungsbedarf im innerbetrieblichen B2B und B2C Kontext;"Back Andrea;Friedel Dominik";null;1 October 2011
Atos: Towards Zero Email Company;"Silic Mario;Back Andrea";null;2015
Employing Consumer IT in Operations: Will iPads Save Money Increase Efficiency and Raise User Satisfaction?;"Sammer Thomas;Back Andrea;BrechbÅhl Hans";null;2014
Demos von Anwendungen aus der Praxis und Forschungsergebnissen;"Back Andrea;von Koenigsmarck Otfried";Knowledge Management Forum - von Semantic Enterprise Åber Competitive Intelligence bis zu Wissensmanagement;11. Sep 12
?Die Kinder Åben eine Denkhaltung?;"Back Andrea;GrÅttner Arne";Personalwirtschaft - Das Magazin fÅr den Job HR: Alter! So fîrdern und nutzen Sie die Talente erfahrener Mitarbeiter;January 2020
Die Welt wird digital;Back Andrea;DATEV magazin;July 2016
Teamarbeit 2.0: Global - zeitgemÑss - kompetent;Back Andrea;DATEV-Kongress 2012;07. Sep 12
Mobile Enterprise - bereit fÅr den mobilen Wandel?;"Egeli Martin;Back Andrea";IT business;28. Apr 15
Lean & agil: Social-Software;Back Andrea;Computerworld.ch;20 May 2014
Aktuelle Trends in Enterprise Mobility;"Sammer Thomas;Back Andrea";IT business;June 2012
"Habilitation: ""BeitrÑge der Daten- Informations- und Wissensverarbeitung zur Weiterentwicklung des Internen Rechnungswesens und Controllings"".";Back Andrea;null;1 January 1993
Social Media: What is Social Media and how will Social Media change our future working environment;Back Andrea;Workshop Zurich Insurance Company;20. Aug 12
Alles Technik oder was? Wenn IT-Trends aufs Business treffen;Back Andrea;netzEvent IT-Markt Report 2012;22 March 2012
Barrieren am Weg zum Mobile Contactless Payment Eine Marktanalyse und Bestandsaufnahme der Situation in der Schweiz;Back Andrea;MKWI 2012;1 March 2012
Ich bin drin - im Web 2.0! Meine Arbeitspraxis 2.0.;Back Andrea;Tag der Informatik an der Christian-Albrechts-UniversitÑt Kiel;2 December 2011
HÅrden gibt es nur im Kopf - Schweizer Unternehmen mit Vorsprung auf dem Weg zur Enterprise 2.0;Back Andrea;Swiss eEconomy Forum;5 March 2012
Mobile Learning App - Wie hÑtten Sie denn gerne Ihren intelligenten Lerncoach?;"Back Andrea;Henestrosa Alexandra";Swiss eLearning Conference;18. Apr 12
Tablet Books: Your Courses' Material in Harry Potter Newspaper Style;Back Andrea;eduhub days 2012 - Learning CafÇ Lungo;03. Apr 12
Teamarbeit 2.0: Global - zeitgemÑss - kompetent;Back Andrea;DATEV-Kongress 2012;20 July 2012
Towards a Framework for Business Model Design of Scientific Journals with Web 2.0 Principles;Back Andrea;MCIS;04. Sep 11
Enterprise 2.0 fÅr das Management;Back Andrea;EMBE-Modul 9;23 May 2011
Assessing Degrees of Web-2.0-ness: Model and Results for Product Websites in the Pharma-Industry;"Back Andrea;Haager Christoph";24th Bled eConference;14 June 2011
Von einer die auszog in der Cloud zu arbeiten: Ein Erfahrungsbericht ?;Back Andrea;ASUT Seminar;9 June 2011
Social Media im Unternehmenskontext und in der Arbeit;Back Andrea;EMBE-Modul 9;23 May 2011
Social Media in Universities;Back Andrea;24th Bled eConference;14 June 2011
Videobasiertes Workplace Learning - Auf dem Siegeszug 2.0;Back Andrea;Swiss eLearning Conference;06. Apr 11
Do LMS have a Future? A conversation between criticism and defence of today's LMS;Back Andrea;Eduhub days 2011;23 March 2011
Welche Kompetenzen in der digitalen Welt 2020 gebraucht werden;Back Andrea;9. Zukunftskongress des 2b AHEAD ThinkTanks;16 June 2010
Social Media Update: Objectives and Trends;Back Andrea;International Key Account Manager Workshop Bayer Business Services;25 October 2010
Arbeitsplatz der Zukunft Innovationsvortrag;Back Andrea;Bereichstag Regionalvertrieb der Datev e.G.;28 October 2010
Enterprise 2.0-Fallstudien - Aus Erfahrung lernen;"Back Andrea;Koch Michael";12. KnowTech 2010;16. Sep 10
Online-Video im E-Learning von Unternehmen - Bedeutung Fallbeispiele Didaktik Produktion sowie Distribution mit Social Media;Back Andrea;Fachseminar;12. Aug 10
2.0 Upgradings in Project Management - Opportunities and Risks Through Wiki-Way- and (Micro)Blogging Practices;Back Andrea;4th SAP Globalization Symposium 2010;21 June 2010
Reifegrad-Modell und Methode zur Beurteilung des Vorbereitungsgrads von Organisationen fÅr die EinfÅhrung von Kollaboration 2.0;Back Andrea;12. KnowTech 2010;15. Sep 10
Web-Video zur Wissenskommunikation;Back Andrea;OpenSpace an der Swiss eLearning Conference;13. Apr 10
RevolutionÑre Trends in der Zusammenarbeit: The wiki way the twitter way the open innovation way;Back Andrea;TA SWISS;23. Sep 09
Videobasiertes E-Learning auf dem Siegeszug 2.0;Back Andrea;JubilÑumskonferenz Livesession time4you;24. Nov 09
Twitter - Begegnung mit altbekannten Lernsituationen;Back Andrea;Learntec 2010;4 February 2010
Business 2.0 - Die Triebfedern des partizipativen Web fÅr Business-Innovation;Back Andrea;20 Jahre IWI - IWI Update;18. Sep 09
Mit Medienkompetenz zum Studierendenerlebnis;Back Andrea;Campus Innovation;26. Nov 09
Silo-Breaking through Open (e-)Cooperation - Zusammenarbeit von Hochschullehre und Unternehmenspraxis;Back Andrea;GML 2010;11 March 2010
Stossrichtungen fÅr Kundenbeziehungen in Web-2.0-Kultur;Back Andrea;7. IT-Anlass Helsana;20. Nov 09
Was kann die Hochschule aus der Unternehmenspraxis lernen? (per Videokonferenz);Back Andrea;76. BundesDekaneKonferenz;23 October 2009
Differences in ERP Implementations in India & Western Europe;"Talwar Manish;Back Andrea";AMCIS;09. Aug 09
Enterprise Work 2.0: So arbeiten Profis im Netz ... und ich? Persînliche Standortbestimmung;Back Andrea;Last Monday - Donna Informatica;29 June 2009
Web-based Open Innovation: Wie Online-Gemeinschaften Dienstleistungen Produkte und Wissen produzieren;Back Andrea;Edu Media Fachtagung;5 May 2009
Enterprise Work 2.0: So arbeiten Profis im Netz - und ich?;Back Andrea;Donna Informatica - Last Monday;29 July 2009
"Web-based Open Innovation - ""What?s Your Strategy for Creating Knowledge Products and Services with Online Communities?""";Back Andrea;4. SWISS KM Tool Day;19 March 2009
Web 2.0 und Social Media im Unternehmenskontext: EinfÅhrung mit ErklÑrungen und Beispielen fÅr Einsteiger;Back Andrea;Focus on social media;3 March 2009
The Emergence and Impact of Web 2.0;Back Andrea;Focus on social media;3 March 2009
Zeit fÅr kreative VerdrÑngung des Althergebrachten im betrieblichen E-Learning: Disruptive Innovation;Back Andrea;Swiss eEducation Forum info society days 2009;2 March 2009
ProduktivitÑt von Wissensarbeit 2.0: Traumhaft oder traumatisch;Back Andrea;LEARNTEC;3 February 2009
EinfÅhrung in das Thema;Back Andrea;"Seminar ""Weblogs Wikis Podcasts & Co. - Wissenstransfer der nÑchsten Generation""";25 October 2007
Wikis Blogs & Co. - neue Kommunikations- und Organisationsformen im Gesundheitswesen;Back Andrea;Web 2.0 und eLearning;06. Nov 07
Praxisberichte aus dem Competence Network Business 2.0;"Back Andrea;Haentschel-erhart Irene";"Seminar ""Weblogs Wikis Podcasts & Co. - Wissenstransfer der nÑchsten Generation""";25 October 2007
Strategy Map und Scorecard fÅr E-Learning Initiativen;Back Andrea;EffektivitÑt und ROI in der betrieblichen Weiterbildung;20. Sep 07
Lernkurve von 1.x nach 2.x - Erkenntnisse nach 100 Tagen Wissensblog;Back Andrea;Web 2.0 im Unternehmen: Praxislîsungen konkret und anschaulich;10. Apr 08
Sind Sie up-to-date? öbersicht Åber moderne Kommunikationsmittel und ihre praktische Anwendung;Back Andrea;Akte 07 Symposium Know-how Transfer und angwandtes E-Learning im îffentlichen Dienst;10 May 2007
Open Educational Resources in der Web-2.0 Bewegung: Facetten der Freiheit zu Lehr-/Lernmaterialien beizutragen und diese zu nutzen;Back Andrea;Swiss Forum for Educational Media (SFEM 2007);15. Nov 07
Wissensnetzwerke in Unternehmen - mit Technik und Pragmatismus zum Erfolg;Back Andrea;Learntec 07;15 February 2007
eLearning 2.0: Web-Architekturen des Mitwirkens laden Sie ein;Back Andrea;eLearning an der LFUI - RÅckblick und Ausblick;28. Sep 06
eCollaboration Goes Web 2.0 - Von den Basistechnologien zu den Trends effektiver verteilter Zusammenarbeit;Back Andrea;TelekomForum - KompetenzTag Collaboration;1 February 2007
"Impulsvortrag ""Persînliche Wissensarbeit""";Back Andrea;SKMF-Herbstevent 2006;14. Sep 06
Lerntagebuch als Weblog innovativ umgesetzt;Back Andrea;HDZ'mittag;8 February 2007
Unterwegs auf der Formel 1-Rennstrecke der e-Learning-Innovationen;Back Andrea;Zukunft E-Learning - E-Learning-Strategie und didaktische Implikationen;4 December 2006
Trends im E-Learning - Chancen die es zu nutzen gilt;Back Andrea;akte 06 - Know-how Transfer und angewandtes e-Learning im Gesundheitswesen;20 October 2006
Unterwegs auf der Formel1-Rennstrecke der E-Learning-Innovationen;Back Andrea;Zukunft E-Learning: E-Learning-Strategie und didaktische Implikationen;4 December 2006
Weblogs und Wikis in der Hochschullehre: ein Erfahrungsbericht;Back Andrea;Gastvortrag an der PÑdagogischen Hochschule;13 July 2006
HSG Business Engineering Research Program;Back Andrea;IS Seminar City University of Hong Kong;7 March 2006
How work is changing in the Information Age;Back Andrea;SMU City Campus Lee Kong Chian School of Business;28 February 2006
Lernen am Puls der Zeit gestalten;Back Andrea;e-Learning Castle-Forum;01. Nov 05
Das interne GeschÑftsmodell fÅr betriebliche Bildung - Herausforderungen und Entwicklungstendenzen;Back Andrea;"6. CCEC-Workshop ""GeschÑftsmodelle im E-Learning""";29 June 2005
Return on E-Learning Investment;Back Andrea;3. E-Learning Tagung der Medizinischen FakultÑt der UniversitÑt ZÅrich;4 March 2005
E-Learning im Unternehmen;Back Andrea;CIO-Meeting;6 March 2006
Progettare il proprio lavoro attraverso una formazione efficace on-line;Back Andrea;Professionisti della Salute educare al miglioramento e alla ricerca;28 January 2005
EinfÅhrung;Back Andrea;Knowledge Worker Productivity: Von Investitionen in Lernen und Wissen zu messbaren GeschÑftsresultaten Seminar Learning Center;18. Nov 04
BeitrÑge des BSC-Ansatzes zur strategischen Verankerung von E-Learning im Unternehmen;Back Andrea;"E-Learning Workshop ""Einsatzkonzepte und GeschÑftsmodell""";27. Sep 04
Paving the Way to Corporate e-Learning Adoption and Sustainability;Back Andrea;I-KNOW '04;1 July 2004
E-Learning quo vadis? Innovationsrichtungen veranschaulicht am St. Galler E-Learning Referenzmodell;Back Andrea;Media Design Center der TU Dresden;13 May 2004
Schîne neue Arbeitswelt: Die Rolle von E-Tools fÅr Ihre Informations- und Wissensarbeiter;Back Andrea;Keynote an der eHealthCare.ch04 Konferenz;12 October 2004
Implementierung von Wissensmanagement-Systemen und -Netzwerken;Back Andrea;Seminar an der Akademie fÅr îffentliche Verwaltung des Freistaates Sachsen;12 May 2004
Die praktische Umsetzung von Blended-Learning-Angeboten in der betrieblichen Aus- und Weiterbildung;Back Andrea;"Forum ""Blended Learning"" der Frey Akademie";03. Apr 04
E-Learning industry updates & recommendations;Back Andrea;Global Cumputer Training Services Conference;24 March 2004
E-Learning Balanced Scorecard;Back Andrea;5. IT-Kongress der Know How! AG;23 March 2004
St.Galler Referenzmodell: Strategie und Methoden fÅr Lernprozesse;Back Andrea;Opening 2004 der e/t/s didactic media im Rahmen der Learntec;10 February 2004
Der rechte Umgang mit Stakeholdern;Back Andrea;SCIL Congress;8 October 2003
LerneffektivitÑt im Licht der GeschÑftsziele: HR-Balanced Scorecard;Back Andrea;Learntec 2004;11 February 2004
Erfolgreiche E-Learning-Anwendungsfelder - jetzt und in der Zukunft;Back Andrea;LERNET-Konferenz;2 December 2003
Die Rolle des CLO;Back Andrea;CNO-Panel No. 3;26. Nov 03
Insights from taking a business engineering perspective on corporate eLearning;Back Andrea;Guide Executive Club;1 October 2003
Corporate eLearning and Knowledge Management: Will convergence bridge the gaps?;Back Andrea;LoD Meeting;16 February 2004
Vom Wissensmanagement zum Wissensnetzwerk;Back Andrea;"Kongress ""lernlandschaften""";1 October 2003
E-Learning strategisch verankern;Back Andrea;IOP-Fachtagung;04. Sep 03
E-Learning im Unternehmen: Vom Kursprojekt zum Reengineering der Bildungsprozesse;Back Andrea;4. BIBB-Fachkongress 2002;24 October 2002
Chief-Learning-Officer-Projektagenda 200x;Back Andrea;GI-Jahrestagung Oktober 2002;1 October 2002
Strategische Ausrichtung von E-Learning;Back Andrea;KMU-Wissen: Weiterbildung Online;1 October 2003
Vorbereitungsgrad von Unternehmen fÅr E-Learning;Back Andrea;"Moderation Fragebogenauswertung via Centra fÅr ""KMU-Wissen: Weiterbildung Online""";1 October 2003
Zwischen Euphorie und ErnÅchterung: Wie entwickelt sich Collaborative Communication via Intranet und Extranet;Back Andrea;e-Education;1 May 2003
E-Meetings im öberblick: Eine EinfÅhrung;Back Andrea;E-Meetings in die Arbeits- und Lernkultur integrieren Seminar Learning Center;8 May 2003
Skill-Management: Heutiger Erkenntnisstand;Back Andrea;"bbz-Forum ""Skill-Management - Voraussetzung zur Weiterentwicklung des Unternehmens""";1 October 2002
Wissensmanagement IKT-Systeme und -Tools;Back Andrea;"Seminar ""St. Galler Wissensmanagement"" 2002";1 October 2002
Interview zu E-Learning im Unternehmen im Learntec-Studio;Back Andrea;Learntec vom 06.02. bis 08.02.02;6 February 2002
Wissensmanagement und -Tools;Back Andrea;Blockwoche Informationsmanagement Intensivstudium KMU;1 October 2002
Zum VerhÑltnis von eLearning und Wissensmanagement in Unternehmen;Back Andrea;GI-Jahrestagung;1 October 2002
Wissensmanagement;Back Andrea;Kernprogramm Information Management EMBA an der UniversitÑt ZÅrich;13 March 2002
eCollaboration;Back Andrea;Kernprogramm Information Management EMBA an der UniversitÑt ZÅrich;13 March 2002
eLearning im Unternehmen: Lessons Learned und ErfahrungslÅcken;Back Andrea;Learntec;7 February 2002
"Podiumsdiskussion ""Deutschland - Entwicklerstandort oder Entwicklungsland?"" geleitet von Dr. H.-H. Kappel; weitere Mitwirkende Prof. Dr. H.-L. Grob Prof. Dr. M. Zitterbart F. Milius Armin Hopp.";Back Andrea;Learntec;7 February 2002
"RING-Workshop zum Thema ""Wissensmanagement"" bei Radio DRS";Back Andrea;null;18 December 2001
Wissensmanagement in KMU;Back Andrea;Blockwoche Informationsmanagement Intensivstudium KMU;14. Sep 01
Basis-Workshop Wissensmanagement (WM);Back Andrea;Wissensmanagement;5 October 2001
eLearning als Herausforderung fÅr die Personal- und Organisationsentwicklung;Back Andrea;"Symposium ""eLearning fÅr Finanzdienstleister""";17 July 2001
IT und Wissensmanagement: Freude oder Feinde?;Back Andrea;Kunden-Event Fritz&Maziol;19. Sep 01
e-Learning-Projekte: Lernen via e-Training und e-Collaboration;Back Andrea;Leitung und EinfÅhrung Weiterbildungsseminar HSG;25. Sep 01
e-Welt: Wissensmanagement;Back Andrea;SKU Fokus Seminare: Elemente der ganzheitlichen UnternehmensfÅhrung;3 October 2001
E-Learning strategisch! Balanced Scorecard: Strategieinstrument fÅr E-Learning;Back Andrea;4. Fachtag Online Lernen;20. Sep 01
Corporate E-Learning: Strategic Issues;Back Andrea;Vortrag am Graduiertenkolleg New Media in Education;1 June 2001
Neue Aspekte des Informationsmanagements;Back Andrea;Neue Aspekte des Informationsmanagements Workshop Wissensmanagement: Wege in die Wissensgesellschaft;09. Nov 00
Wissensmanagement und IT-Technologie - eine hÑufig missverstandene Beziehung;Back Andrea;BMW Forum Zukunft;6 July 2000
Knowledge Networks und Knowledge Management Technologien;Back Andrea;Gastvortrag an der UniversitÑt Bamberg;27 June 2000
Knowledge Management und E-Learning;Back Andrea;"Seminar ""St. Galler Wissensmanagement""";14. Nov 00
e-Learning-Projekte: Neue Mîglichkeiten durch vernetztes Lernen. Konzepte - GeschÑftsmodelle - Erfahrungen;Back Andrea;Leitung und EinfÅhrung Weiterbildungsseminar HSG;28. Sep 00
Wissensnetzwerke: Ihr Beitrag zum persînlichen und Unternehmenswachstum;Back Andrea;Siemens KAuDz;1 March 2001
E-Learning als Wachstumsmarkt: Zahlen Fakten und Beispiele;Back Andrea;"Pressekonferenz ""Preisrutsch ebnet E-Learning den Weg""";02. Nov 00
Knowledge Management und Knowledge Portale: Konzepte und Trends;Back Andrea;AGI IT Services AG ERFA Workshop;11. Apr 00
High-Tech Teaching in a Semi-Virtual CEMS Course: Experiences with Collaborative Learning in Action;Back Andrea;Forum sur l'enseignement de la gestion et les nouvelle technologies de la communication et de l'information;18 May 2000
Technologie und Mensch im Wissensmanagement;Back Andrea;2. ôsterreichischer Wissensmanagement-Kongress;21 March 2000
Aufbau einer massgeschneiderten IT-Architektur fÅr das Wissensmanagement;Back Andrea;2. ôsterreichischer Wissensmanagement-Kongress;1 March 2000
Knowledge Networking: Von der Vision zum Business Case;Back Andrea;"Symposium ""Wenn Ihre Firma wÅsste was Ihre Firma weiss: Knowledge Management / Business Intelligence""";1 January 2000
Kooperatives Lernen im Internet;Back Andrea;Leitung Weiterbildungsseminar HSG;01. Sep 99
Lernen in der Wissensgesellschaft: Paradigmenwechsel fÅr die betriebliche Bildung;Back Andrea;1. Fachtagung zum Thema die lernende Gesellschaft oder Wissensmanagement im 21. Jahrhundert;20 October 1999
Trend-Landkarte: Unternehmen im Informationszeitalter Groupware-Tutorial1;Back Andrea;Blockwoche Informationsmanagement Intensivstudium KMU;14. Sep 99
Management Support Systeme im Informationszeitalter;Back Andrea;Refresher 1/99: UnternehmungsfÅhrung in turbulenter Zeit;17 March 1999
Szenario Bildungslandschaft 2005;Back Andrea;Fachtagung Web Based Training: Universelles Lernen an Fachhochschulen und UniversitÑten;22. Apr 99
Workshop Virtual Academia: Developments in new technology platforms;Back Andrea;the 10th annual meeting CEMS (Community of European Management Schools);27. Nov 98
Learning Communities im Inter-/Intranet;Back Andrea;Erîffnungsfeier HAAS & PARTNER Glattzentrum;12. Nov 98
Collaborative Learning in Action: Management Education at the University of St. Gallen;"Back Andrea;Seufert Sabine;Seufert Andreas";Lotusphere '98;21. Sep 98
Potentiale der neuen Medien in der Ausbildung: 7 Thesen;Back Andrea;2. Veranstaltung des Nachdiplomstudiums Informatik und Telekommunikation NDIT/FPIT;20. Aug 98
Groupware im Kontext problemorientierter Computing Workspaces;Back Andrea;Executive Study Program Master of Business Engineering;11 January 1999
"EinfÅhrung und Leitung 1. Block 2. Woche: ""Applikationen"" Groupware und Knowledge Management";Back Andrea;Executive Study Program Master of Business Engineering UniversitÑt St. Gallen;5 January 1999
Wirtschaftlichkeitsanalysen im IV-Bereich;Back Andrea;Blockwoche Informationsmanagement Intensivstudium KMU;2 June 1998
Knowledge Management: Concepts and Technologies;Back Andrea;Lotus Gold Seminar;22. Apr 98
The Knowledge Creation Company: Strategisches Management & IKT;"Back Andrea;Seufert Andreas";Seminar Wissensmanagement: Technologische Potentiale organisatorische Anforderungen und Erfahrungen;16. Apr 98
Strategisches Management & Informations- und Kommunikationstechnologien (IKT) insbesondere Knowledge Management;Back Andrea;MSM Seminar;12 May 1998
Teamzentrierte Lernumgebungen: Beispiele und Erfahrungen mit Lehrveranstaltungen an der UniversitÑt St. Gallen;Back Andrea;CHIP '98;23 January 1998
